,id,videoId,authorVideoName,totalReplyCount,likeCount,authorDisplayName,textDisplay,publishedAt,isReply
0,UgxUrygdVQ_2DxTkhfR4AaABAg,_MugGNG6Qkw,–¢–µ–ª–µ–∫–∞–Ω–∞–ª –î–æ–∂–¥—å,0,0,–¢–µ–ª–µ–∫–∞–Ω–∞–ª –î–æ–∂–¥—å,"2:55 - –ú–∞—Å—à—Ç–∞–±–Ω—ã–π –¥–æ–º–∞—à–Ω–∏–π —Ñ–ª–µ—à–º–æ–± –≤ –∏–Ω—Å—Ç–∞–≥—Ä–∞–º–µ 
7:19 - –ß—Ç–æ —Å–∞–º–æ–µ —Å–ª–æ–∂–Ω–æ–µ –Ω–∞ —Å–∞–º–æ–∏–∑–æ–ª—è—Ü–∏–∏? 
11:12 - –û –ø–ª–∞–Ω–∞—Ö –ø–æ—Å–ª–µ –∫–∞—Ä–∞–Ω—Ç–∏–Ω–∞ 
12:02 - –ü–æ—Å–ª–µ –ø–∞–Ω–¥–µ–º–∏–∏ –º–∏—Ä —É–∂–µ –Ω–µ –±—É–¥–µ—Ç –ø—Ä–µ–∂–Ω–∏–º? 
13:37 - –ß–µ–º –∑–∞–Ω—è—Ç—å —Ä–µ–±–µ–Ω–∫–∞ –Ω–∞ –∫–∞—Ä–∞–Ω—Ç–∏–Ω–µ?
15:19 - –ö–∞–∫ —Ä–∞—Å—Å–∫–∞–∑—ã–≤–∞—Ç—å –¥–µ—Ç—è–º –æ –≤–æ–π–Ω–µ?
19:18 - –û —Å—ä–µ–º–∫–∞—Ö –∏ –∫—Ä–∏—Ç–∏–∫–µ —Ñ–∏–ª—å–º–∞ ""–ó—É–ª–µ–π—Ö–∞ –æ—Ç–∫—Ä—ã–≤–∞–µ—Ç –≥–ª–∞–∑–∞""",2020-05-14T09:22:19Z,0
1,UgzjkRfsXgQhDHzj5fh4AaABAg,_MugGNG6Qkw,–¢–µ–ª–µ–∫–∞–Ω–∞–ª –î–æ–∂–¥—å,0,2,Maya Dittrich,"–¥–µ–≤–æ—á–∫–∏, –∫–∞–∫–∏–µ –¥–µ–¥—É—à–∫–∏ –≤—ã—Ö–æ–¥–∏–ª–∏ –Ω–∞ –ø–∞—Ä–∞–¥ !?, –º–æ–∏ –¥–µ–¥—É—à–∫–∏ –Ω–∏–∫–æ–≥–¥–∞!! —É–¥–∞—Ä–µ–Ω–∏–µ –Ω–∞ –Ω–∏–∫–æ–≥–¥–∞!! –Ω–µ —Ç–æ —á—Ç–æ –Ω–µ –≤—ã—Ö–æ–¥–∏–ª–∏ –Ω–∞ –ø–∞—Ä–∞–¥, –∞ –¥–∞–∂–µ –≤ –Ω–∞—à–µ–π —Å–µ–º—å–µ, –º–æ–∏  —Ä–æ–¥–∏—Ç–µ–ª–∏ –¥–µ—Ç–∏ 40 –≤—ã—Ö  –Ω–∏–∫—Ç–æ –Ω–µ –ø—Ä–∞–∑–¥–Ω–æ–≤–∞–ª –∏ –Ω–µ —É–ø–æ–º–∏–Ω–∞–ª –æ —Ç–∞–∫–∏—Ö —Å–æ–±—ã—Ç–∏—è—Ö!! —ç—Ç–æ –≥–æ—Ä–µ –∏ —É–∂–∞—Å –æ—Å—Ç–∞–≤—à–∏—Ö—Å—è –≤ –∂–∏–≤—ã—Ö .. –≤—Å–µ —á—Ç–æ —É–≥–æ–¥–Ω–æ –Ω–æ —Ç–æ–ª—å–∫–æ –Ω–µ –ø—Ä–∞–∑–¥–Ω–∏–∫ –∏ –Ω–µ –ø–æ–±–µ–¥—ã",2020-05-18T12:13:37Z,0
2,UgwO0jJD-lDln8Lp3pt4AaABAg,_MugGNG6Qkw,–¢–µ–ª–µ–∫–∞–Ω–∞–ª –î–æ–∂–¥—å,0,0,Dimitri Kouznetsov,–°–æ–±–∞–∫–µ–Ω –∫–ª–∞—Å—Å–Ω–æ —Å–ø–∏—Ç üê∂,2020-05-15T23:57:14Z,0
3,UgzNSibnNQqfMx76_1Z4AaABAg,_MugGNG6Qkw,–¢–µ–ª–µ–∫–∞–Ω–∞–ª –î–æ–∂–¥—å,0,0,–í–∏—Ç–∞–ª–∏–∫ –ê–Ω—Ç–æ–Ω–æ–≤,"–≤ –º–æ–µ–π –∂–∏–∑–Ω–∏ –µ—â—ë –Ω–µ –±—ã–ª–æ –Ω–∏ –æ–¥–Ω–æ–π —Ç—ë–ª–∫–∏ –∫–æ—Ç–æ—Ä–æ–π —è –±—ã —Å–∫–∞–∑–∞–ª - —Ç—ã —É–º–Ω–ê, –∞ –ª–µ—Ç –º–Ω–µ –º–Ω–æ–≥–æ :) —Ç–∞–∫–∏–µ –¥—É—Ä—ã",2020-05-15T20:31:24Z,0
4,Ugy03Yr5yS27vI0zmYd4AaABAg,_MugGNG6Qkw,–¢–µ–ª–µ–∫–∞–Ω–∞–ª –î–æ–∂–¥—å,0,1,Homer Simpson,"–Æ–ª–µ—á–∫–∞ –ü–µ—Ä–µ—Å–∏–ª—å–¥,–≥–µ–Ω–∏–∞–ª—å–Ω–∞—è –∞–∫—Ç—Ä–∏—Å–∞!–ß–∏—Å—Ç—ã–π —Ç–∞–ª–∞–Ω—Ç!–õ—é–±–ª—é –≤–∞—Å,–æ–±–æ–∂–∞—é,–≤—Å–µ —Ñ–∏–ª—å–º—ã –∏ —Å–µ—Ä–∏–∞–ª—ã —Å –≤–∞—à–∏–º —É—á–∞—Å—Ç–∏–µ–º —ç—Ç–æ –±–æ–º–±–∞.–ñ–µ–ª–∞—é –≤–∞–º –Ω–æ–≤—ã—Ö –∏–Ω—Ç–µ—Ä–µ—Å–Ω—ã—Ö —Ä–æ–ª–µ–π!",2020-05-14T12:23:37Z,0
5,Ugwr6qtCMWqHQIHtGOB4AaABAg,_MugGNG6Qkw,–¢–µ–ª–µ–∫–∞–Ω–∞–ª –î–æ–∂–¥—å,0,0,–ù–æ–π–æ–Ω –ú—ç—Ä–≥—ç–Ω,"–ö–∞–∫–æ–π –∂–µ –≤—ã —Å–∫—É—á–Ω—ã–π –ø—Ä–∏–º–∏—Ç–∏–≤üò∞. –ù–µ –∑—Ä—è —à—É—Ç—ã-–∞–∫—Ç–µ—Ä–∏—à–∫–∏ - –Ω–∏–∑—à–∞—è –∫–∞—Å—Ç–∞, —Å –≤–∞–º–∏ –Ω–µ –æ —á–µ–º –≥–æ–≤–æ—Ä–∏—Ç—åü§Æü§Æü§Æ.",2020-05-14T03:36:54Z,0
6,Ugwieh9FgcA2Ll_4dON4AaABAg,_MugGNG6Qkw,–¢–µ–ª–µ–∫–∞–Ω–∞–ª –î–æ–∂–¥—å,0,3,–õ–∏—Å–∞ –ê–ª–∏—Å–∞,–ö–∞–∫ –≤–æ–æ–±—â–µ –º–æ–∂–Ω–æ –±—ã–ª–æ —Å–Ω—è—Ç—å—Å—è –≤ —Ç–∞–∫–æ–º –ª–∂–∏–≤–æ–º —Å–µ—Ä–∏–∞–ª–µ,2020-05-13T16:53:55Z,0
7,UgwUb7iX7AP7GkRfh_d4AaABAg,_MugGNG6Qkw,–¢–µ–ª–µ–∫–∞–Ω–∞–ª –î–æ–∂–¥—å,0,0,–ê–ª–µ–∫—Å–∞–Ω–¥—Ä –°–∞—Ä–∞–Ω–∞,–¥–∞–ª—å—à–µ —á.—Ç–æ? –ø–∞—Ä—à—É –ø—Ä–æ–≥—Ä–∞–º–º–∏—Ä–æ–≤–∞—Ç—å –±—É–¥–µ—Ç–µ,2020-05-12T23:58:57Z,0
8,UgwcaDWH9F0KYLNtdXh4AaABAg,_MugGNG6Qkw,–¢–µ–ª–µ–∫–∞–Ω–∞–ª –î–æ–∂–¥—å,0,3,–õ—é–¥–º–∏–ª–∞ –î–µ–º–∏–¥–æV–∞,"–Æ–ª–∏—è, –≤—ã –æ—Ç–ª–∏—á–Ω–æ —Å—ã–≥—Ä–∞–ª–∏ –≤ ""–ó—É–ª–µ–π—Ö–µ"".  –ü–µ—Ä–≤—ã–µ —Å–µ—Ä–∏–∏ —Ñ–∏–ª—å–º–∞ –º–Ω–µ –ø–æ–∫–∞–∑–∞–ª–∏—Å—å ""—Å–∏–ª—å–Ω–µ–µ""... –¢—Ä–∞–≥–∏—á–Ω–∞—è –∏—Å—Ç–æ—Ä–∏—è –∏ —Å—Ç–æ–ª—å–∫–æ —Ç–∞–º  —Ä–∞–∑–Ω—ã—Ö ""–ø–æ–¥—Ç–µ–º"" (–µ—Å–ª–∏ –º–æ–∂–Ω–æ —Ç–∞–∫ –≤—ã—Ä–∞–∑–∏—Ç—å—Å—è...)...!! –£–¥–∞—á–∏ –≤–∞–º –≤ —Ç–≤–æ—Ä—á–µ—Å—Ç–≤–µ!",2020-05-12T19:00:50Z,0
9,Ugxs1sgFuMHEI68Pmi54AaABAg,_MugGNG6Qkw,–¢–µ–ª–µ–∫–∞–Ω–∞–ª –î–æ–∂–¥—å,0,2,–ú–∞—Ä–∏–Ω–∞ –ò–≤–∞–Ω–æ–≤–∞,"–Æ–ª—è - –±–æ–µ—Ü, –≤–æ–∏–Ω. –ú–æ–ª–æ–¥–µ—Ü, –æ–¥–Ω–∏–º —Å–ª–æ–≤–æ–º. –ó–∞—á–µ—Ç, –Æ–ª—å!",2020-05-12T15:50:23Z,0
10,Ugzi7yRiaSQrmqjVYIF4AaABAg,_MugGNG6Qkw,–¢–µ–ª–µ–∫–∞–Ω–∞–ª –î–æ–∂–¥—å,4,0,–ù–æ–π–æ–Ω –ú—ç—Ä–≥—ç–Ω,"–ó—É–ª–µ–π—Ö–∞ - —Ä–µ–¥–∫–æ–µ –≥–æ–≤–Ω–æ, —á—Ç–æ –∫–Ω–∏–≥–∞, —á—Ç–æ —Å–µ—Ä–∏–∞–ª.",2020-05-12T13:00:39Z,0
11,Ugzi7yRiaSQrmqjVYIF4AaABAg.98ZBEjdmshl98cIlFFXtYd,_MugGNG6Qkw,–¢–µ–ª–µ–∫–∞–Ω–∞–ª –î–æ–∂–¥—å,0,0,–ù–æ–π–æ–Ω –ú—ç—Ä–≥—ç–Ω,"@Lily Latypova –æ—Ç–∫—Ä–æ—é —Ç–µ—Ö. —Å–µ–∫—Ä–µ—Ç–∏–∫,  –ª–∏—Ç–µ—Ä–∞—Ç—É—Ä–∫–∞ –æ ""–ª—é–±–≤–∏"" –º—É–∂—á–∏–Ω–∞–º  –Ω–µ–∏–Ω—Ç–µ—Ä–µ—Å–Ω–∞, –æ–Ω–∞ –≥–ª—É–ø–∞ –∏ –Ω–µ–ø—Ä–∞–∫—Ç–∏—á–Ω–∞. –ó–Ω–∞—á–∏—Ç - –≥–æ–≤–Ω–æ. –Ø –Ω–µ —Ä–æ–º–∞–Ω—Ç–∏–∫, –∞ –ò–Ω–∂–µ–Ω–µ—Ä. –ü–æ–ª—É—á–∞–µ—Ç—Å—è, –≤–∞—à –≤—ã—Å–µ—Ä –Ω–∞–ø—Ä–∞–≤–ª–µ–Ω –Ω–∞ –±–∞–±—å–µ, –æ–Ω–æ —Ç–∞–∫–æ–π –ø—Ä–∏–º–∏—Ç–∏–≤ —Å—Ö–∞–≤–∞–µ—Ç. –ù—É —á—Ç–æ –∂–µ, –≤–æ–∑–º–æ–∂–Ω–æ. –ù–æ —è –ø–æ—É–≥–æ—Ä–∞—é, –∏ –¥—Ä—É–≥–∏–º –ø–æ–¥—Å–∫–∞–∂—É, –∫–∞–∫–∞—è —Ç–∞–º —É –≤–∞—Å ""–ª—é–±–æ–≤—å""üòé",2020-05-14T03:23:21Z,1
12,Ugzi7yRiaSQrmqjVYIF4AaABAg.98ZBEjdmshl98cIOXCraQ2,_MugGNG6Qkw,–¢–µ–ª–µ–∫–∞–Ω–∞–ª –î–æ–∂–¥—å,0,0,–ù–æ–π–æ–Ω –ú—ç—Ä–≥—ç–Ω,"@Lily Latypova –Ω—É –¥–∞, –≤–∞—à–∞ —Å—Ä–∞–Ω–∞—è ""–ª—é–±–æ—Ñ—å"", –∂–∏–≤—É—â–∞—è 3-5 –ª–µ—Ç. –ò –≥–¥–µ –æ–Ω–∞? –í—ã –∂–∏–≤–µ—Ç–µ –≤—Å—é –∂–∏–∑–Ω—å —Å –ú—É–∂–µ–º, –¥–æ—Å—Ç–∞–≤—à–∏—Å—å –µ–º—É
–î–µ–≤–æ–π? –†–æ–∂–∞—è –æ—Ç –Ω–µ–≥–æ? –£—á–∏—Ç–µ –º–∞—Ç—á–∞—Å—Ç—å, —ç—Ç–æ –Ω–µ —Ç–∞–∫.",2020-05-14T03:20:07Z,1
13,Ugzi7yRiaSQrmqjVYIF4AaABAg.98ZBEjdmshl98cHGXh8ukD,_MugGNG6Qkw,–¢–µ–ª–µ–∫–∞–Ω–∞–ª –î–æ–∂–¥—å,0,0,–ù–æ–π–æ–Ω –ú—ç—Ä–≥—ç–Ω,"@Lily Latypova —á–µ–≥–æ? –ß—Ç–æ –∑–∞ –±—Ä–µ–¥? –ß–µ–≥–æ –≤ —ç—Ç–æ–º –±–∞–±—å–µ–º –∏—Å–ø—Ä–∞–∂–Ω–µ–Ω–∏–∏ –æ –ª—é–±–≤–∏? –í—ã –Ω–µ–ø—Ä–∞–≤—ã, –ª–∂–µ—Ç–µ –∏ –ª—É–∫–∞–≤–∏—Ç–µ. –ù–µ —É–±–µ–¥–∏–ª–∏.",2020-05-14T03:10:17Z,1
14,Ugzi7yRiaSQrmqjVYIF4AaABAg.98ZBEjdmshl98bLwLitHPx,_MugGNG6Qkw,–¢–µ–ª–µ–∫–∞–Ω–∞–ª –î–æ–∂–¥—å,0,0,Lily Latypova,"–ù–æ–π–æ–Ω –ú—ç—Ä–≥—ç–Ω –≤–æ–æ–±—â–µ-—Ç–æ –æ –ª—é–±–≤–∏ –∫–Ω–∏–≥–∞... –∫ –∂–∏–∑–Ω–∏,–∫ —Å—ã–Ω—É,–∫ –º—É–∂—á–∏–Ω–µ... –∫–Ω–∏–≥–∞ –Ω–µ –º–æ–∂–µ—Ç –Ω–µ –Ω—Ä–∞–≤–∏—Ç—å—Å—è...",2020-05-13T18:31:51Z,1
15,UgwXepgWHNsL2sh1Vvp4AaABAg,_MugGNG6Qkw,–¢–µ–ª–µ–∫–∞–Ω–∞–ª –î–æ–∂–¥—å,0,0,Valeriy R,–°–ø–∞—Å–∏–±–æ. üëç,2020-05-12T10:50:26Z,0
16,UgyLTcL44o__xUbKqHZ4AaABAg,_MugGNG6Qkw,–¢–µ–ª–µ–∫–∞–Ω–∞–ª –î–æ–∂–¥—å,0,5,Lana Vesna,–ú–µ–Ω—è –ü–µ—Ä–µ—Å–∏–ª—å–¥  —É–¥–∏–≤–∏–ª–∞ —Ä–æ–ª—å—é –≤ –ü–∞–ª–∞—á–µ. –í–ø–µ—á–∞—Ç–ª–∏–ª–∞,2020-05-12T09:59:24Z,0
17,Ugzbpa-nwNpykxK84Ax4AaABAg,_MugGNG6Qkw,–¢–µ–ª–µ–∫–∞–Ω–∞–ª –î–æ–∂–¥—å,0,0,–≤–∞–ª–µ–Ω—Ç–∏–Ω–∞ –¥–æ–∫–∞–Ω–µ–≤–∞,"–ò–¥—ë—Ç –ñ–ï–°–¢–û–ö–ê–Ø, –ö–†–û–í–ê–í–ê–Ø –í–û–ô–ù–ê ! –í–æ–∏–Ω—ã –≤ —á–∏–Ω–µ –ú–ê–†–®–ê–õ-–ì–ï–ù–ï–†–ê–õ–ò–°–°–ò–ú–£–°, —Å–∏–¥—è –Ω–∞ –¥–∏–≤–∞–Ω–∞—Ö, —Å—Ç—Ä–æ—è—Ç –ø–ª–∞–Ω—ã –Ω–∞—Å—Ç—É–ø–ª–µ–Ω–∏—è –Ω–∞ –≤—Ä–∞–≥–æ–≤, –≤–æ–æ—Ä—É–∂—ë–Ω–Ω—ã—Ö –í–û–ó–î–£–®–ù–´–ú–ò –®–ê–†–ò–ö–ê–ú–ò. –ò —É –∫–∞–∂–¥–æ–≥–æ –≤–æ–∏–Ω–∞ —Å–≤–æ–π –ø–ª–∞–Ω : –£ –í–†–ê–ì–ê –í–°–Å –ö–û–ù–§–ò–°–ö–û–í–ê–¢–¨, –í–°–ï–• –í–†–ê–ì–û–í –ü–û–°–ê–î–ò–¢–¨. –£—Ä–∞. –ö–æ—Ä–æ—á–µ.–í –¥–æ–º–æ–ø–æ—Å–∏–¥–µ–ª–∫–∞—Ö –∑–∞–Ω–∏–º–∞—Ç—å—Å—è –ø–æ–ª–∏—Ç–∏—á–µ—Å–∫–∏–º –û–ù–ê–ù–ò–ó–ú–û–ú —Å–∞–º–æ–µ –¢–û. –£—Ä–∞",2020-05-12T08:25:56Z,0
18,Ugx5E9iyxaBF-RMWPtt4AaABAg,_MugGNG6Qkw,–¢–µ–ª–µ–∫–∞–Ω–∞–ª –î–æ–∂–¥—å,0,1,—é–ª–∏—è –º–∏—Ç–∏–Ω–∞,"–°–æ–±–∞–∫–∞ —Å–ø–∏—Ç, –∞ —É—Ö–æ –æ—Ç—Ç–æ–ø—ã—Ä–µ–Ω–Ω–æ–≥–æ, –ø–æ–¥—Å–ª—É—à–∏–≤–∞–µ—Ç))",2020-05-12T08:24:50Z,0
19,UgxVlqGBf7G0PB1tgK94AaABAg,_MugGNG6Qkw,–¢–µ–ª–µ–∫–∞–Ω–∞–ª –î–æ–∂–¥—å,0,5,–ò—Ä–∏–Ω–∞ –î–æ–ª–≥–∞–Ω–æ–≤–∞,–Æ–ª–∏–∏ –ü–µ—Ä–µ—Å–∏–ª—å–¥ - –æ—Ç–¥–µ–ª—å–Ω–æ–µ —Å–ø–∞—Å–∏–±–æ (–µ—Å–ª–∏ –ø—Ä–æ—á—Ç–µ—Ç) –∑–∞ –∏—Å–ø–æ–ª–Ω–µ–Ω–∏–µ —Ä–æ–ª–∏ –õ—é–¥–º–∏–ª—ã –ì—É—Ä—á–µ–Ω–∫–æ. –í—Å–µ —ç—Ç–∏ –±–∏–æ–≥—Ä–∞—Ñ–∏—á–µ—Å–∫–∏–µ —Å–µ—Ä–∏–∞–ª—ã –∫–∞–∫ –ø—Ä–∞–≤–∏–ª–æ –Ω–µ—É–¥–∞—á–Ω—ã–µ. –ù–æ –±–ª–∞–≥–æ–¥–∞—Ä—è –Æ–ª–∏–∏ –∑–∞—Å–º–æ—Ç—Ä–µ–ª–∞—Å—å –∏ –ø–æ–ª—É—á–∏–ª–∞ —É–¥–æ–≤–æ–ª—å—Å—Ç–≤–∏–µ,2020-05-12T07:14:19Z,0
20,Ugym9NW7eXJ0CC2VoZl4AaABAg,_MugGNG6Qkw,–¢–µ–ª–µ–∫–∞–Ω–∞–ª –î–æ–∂–¥—å,0,2,–ú–∞–∫—Å–∏–º –û—Ä–ª–æ–≤,"–Ø —Å–º–æ—Ç—Ä–µ–ª, –∫–∞–∫ —Å–ø–∏—Ç —Å–æ–±–∞–∫–∞.",2020-05-12T06:43:52Z,0
21,UgwC7maymF5t9g9ylwV4AaABAg,_MugGNG6Qkw,–¢–µ–ª–µ–∫–∞–Ω–∞–ª –î–æ–∂–¥—å,0,2,–ï–≤–≥–µ–Ω–∏–π –†–ö–ö–ê,"–ê—Ä—Ç–∏—Å—Ç–∫–∞ –∞ –≥–æ–≤–æ—Ä–∏—Ç,, –∫—Ä–∞–π–Ω–∏–π,, —Ä–∞–∑. –û–±—Ä–∞–∑–æ–≤–∞–Ω–∏–µ –Ω–µ –°–°–°–†.",2020-05-12T04:44:22Z,0
22,UgyrHkiaFxd_VVoBTMR4AaABAg,_MugGNG6Qkw,–¢–µ–ª–µ–∫–∞–Ω–∞–ª –î–æ–∂–¥—å,0,1,–í–∞—Å–∏–ª—å–¥—Ä–∞—É—Å–∫–∞–∑ –®–º–∞—Ö–µ—Ä–±–∞–µ—Ä,"–î–µ–≤—É—à–∫–∞ —à–∏—Ä–æ–∫–æ —Ä–∞–∑–≤–æ–¥–∏—Ç –Ω–æ–≥–∏ –∏ –∑–∞—Å–æ–≤—ã–≤–∞–µ—Ç —Ä—É–∫—É –º–µ–∂–¥—É –Ω–æ–≥... –º—É–∂–∏–∫–∏, –Ω—É —Å–¥–µ–ª–∞–π—Ç–µ —É–∂–µ —Å–≤–æ—ë –¥–µ–ª–æ, –±–∞–±–∞ –º—É—á–∞–µ—Ç—Å—è. –ö–∞–∫–∏–µ –µ—â—ë –≤–∞–º –∑–Ω–∞–∫–∏ –Ω—É–∂–Ω—ã ?",2020-05-12T04:30:57Z,0
23,Ugxh0A3fxToh3ltUyLd4AaABAg,_MugGNG6Qkw,–¢–µ–ª–µ–∫–∞–Ω–∞–ª –î–æ–∂–¥—å,0,1,HitAlMih,"—Ö–æ—Ä–æ—à–æ, –ø–æ–∂–∞–ª—É–π—Å—Ç–∞ –ø—Ä–æ–¥—É–±–ª–∏—Ä—É–π—Ç–µ –≤ —é—Ç—É–±–µ, –±–æ—é—Å—å –≤ –∏–Ω—Å—Ç–∞–≥—Ä–∞–º–µ –Ω–µ —Å–º–æ–≥—É –Ω–∞–π—Ç–∏ –∏ —Å–º–æ–≥—É —É–≤–∏–¥–µ—Ç—å",2020-05-12T04:10:43Z,0
24,UgyfI7xhzpf58T4XG9J4AaABAg,_MugGNG6Qkw,–¢–µ–ª–µ–∫–∞–Ω–∞–ª –î–æ–∂–¥—å,0,3,bukleuh,–£–¥–∏–≤–∏—Ç–µ–ª—å–Ω–∞—è —Å–ø–æ—Å–æ–±–Ω–æ—Å—Ç—å –≥–æ–≤–æ—Ä–∏—Ç—å –Ω–∏ –æ —á–µ–º...,2020-05-12T00:25:48Z,0
25,Ugyn4HhFO4Qht7fATD54AaABAg,_MugGNG6Qkw,–¢–µ–ª–µ–∫–∞–Ω–∞–ª –î–æ–∂–¥—å,0,0,DAGRAUND &DAGGAD,–°—Å—ã–ª–∫—É –±—ã —Å–∫–∏–Ω—É–ª–∏ –Ω–∞ –µ–µ –∏–Ω—Å—Ç—É...,2020-05-11T23:37:58Z,0
26,UgygC3uzpqjwqrs79ep4AaABAg,_MugGNG6Qkw,–¢–µ–ª–µ–∫–∞–Ω–∞–ª –î–æ–∂–¥—å,2,1,–ú–∞–∫—Å–∏–º –ê–ª–µ–∫—Å–µ–µ–≤–∏—á,"–û–Ω–∏ –Ω–∞ –∫–∞—Ä–∞–Ω—Ç–∏–Ω–µ –∑–∞—Ä–∞–±–∞—Ç—ã–≤–∞—é—Ç –Ω–∞ –Ω–∞—Å (–Ω–∞ –ø—Ä–æ—Å–º–æ—Ç—Ä–∞—Ö ) –∑–∞ —Å—á—ë—Ç —Ä–µ–∫–ª–∞–º—ã )üëøü§¨. –ò –≤–ø—Ä–∞–≤–¥—É - –∫–æ–º—É –≤–æ–π–Ω–∞, –∞ –∫–æ–º—É –º–∞—Ç—å —Ä–æ–¥–Ω–∞ ...",2020-05-11T23:11:27Z,0
27,UgygC3uzpqjwqrs79ep4AaABAg.98XhLTLlZKZ98ki59gMjAR,_MugGNG6Qkw,–¢–µ–ª–µ–∫–∞–Ω–∞–ª –î–æ–∂–¥—å,0,0,–ú–∞–∫—Å–∏–º –ê–ª–µ–∫—Å–µ–µ–≤–∏—á,"@Tatyana Nikhinson —á—Ç–æ–±—ã –ø–µ—Ä–µ–∫–ª—é—á–∏—Ç—å —Ä–∞–∑—Ä–µ–∫–ª–∞–º–∏—Ä–æ–≤–∞–Ω–Ω–æ–µ —é—Ç—é–±–æ–º, –Ω–∞–¥–æ - –Ω–∞—á–∞—Ç—å —Å–º–æ—Ç—Ä–µ—Ç—å. –ì–¥–µ, —Ä–µ–∫–ª–∞–º–∞ –∫–∞–∫ –≤—Å—Ç—É–ø–ª–µ–Ω–∏–µ –∫ —Å—é–∂–µ—Ç—É ... , –∞ –Ω–µ –Ω–∞–ª–æ–∂–µ–Ω–∞ –Ω–∞ –∫–æ–Ω—Ç–µ–Ω—Ç. –Ø –Ω–∞—á–∞–ª –∏ —Ç—É—Ç –∂–µ –æ—Å—Ç–∞–≤–∏–ª –∫–æ–º–µ–Ω—Ç –∏ –ø–µ—Ä–µ–∫–ª—é—á–∏–ª üñï",2020-05-17T09:47:19Z,1
28,UgygC3uzpqjwqrs79ep4AaABAg.98XhLTLlZKZ98gcQImHmsh,_MugGNG6Qkw,–¢–µ–ª–µ–∫–∞–Ω–∞–ª –î–æ–∂–¥—å,0,0,Tatyana Nikhinson,–ö—Ç–æ –∑–∞—Å—Ç–∞–≤–∏–ª –≤–∞—Å —ç—Ç–æ —Å–º–æ—Ç—Ä–µ—Ç ?–ø–µ—Ä–µ–∫–ª—é—á–∏—Ç–µ –∫–∞–Ω–∞–ª—ã.—ç—Ç–æ –æ—á–µ–Ω—å –ø—Ä–æ—Å—Ç–æ .,2020-05-15T19:40:49Z,1
29,UgxllvM0PYn3uMyArMd4AaABAg,_MugGNG6Qkw,–¢–µ–ª–µ–∫–∞–Ω–∞–ª –î–æ–∂–¥—å,0,1,–ú–∞–∫—Å–∏–º –ê–ª–µ–∫—Å–µ–µ–≤–∏—á,"–•–æ—Ä–æ—à–µ–µ –≤—Å—Ç—É–ø–ª–µ–Ω–∏–µ -""... —è —Å—Ç–∞–ª–∞ –ø–∏—Ç—å –±–æ–ª—å—à–µ ..."" , –æ—Å—Ç–∞–ª—å–Ω–æ–µ ""–¥—ã–º""))))",2020-05-11T23:09:23Z,0
30,UgyBmKg5EkHW8PX70LJ4AaABAg,_MugGNG6Qkw,–¢–µ–ª–µ–∫–∞–Ω–∞–ª –î–æ–∂–¥—å,0,2,Niky Romanov,"–Æ.–ü.: ""–∑–∞—Å—Ç–∞–≤–∏—Ç—å —Å–µ–±—è —á—Ç–æ-—Ç–æ –¥–µ–ª–∞—Ç—å –≤ –æ–¥–∏–Ω–æ—á–∫—É - —ç—Ç–æ –æ—á–µ–Ω—å —Ç—Ä—É–¥–Ω–æ.."" 08:15. –û—á–µ–Ω—å –ø—Ä–∞–≤–¥–∏–≤—ã–µ —Å–ª–æ–≤–∞.",2020-05-11T21:34:44Z,0
31,UgxjyZ61ZiZLbIkIbOl4AaABAg,_MugGNG6Qkw,–¢–µ–ª–µ–∫–∞–Ω–∞–ª –î–æ–∂–¥—å,0,0,–°–µ—Ä–≥–µ–π –°–∫–∏–±–∏–Ω,–û—Ç–∫–ª—é—á–∞—é—Å—å —Ç–∞–∫–∞—è —Ö—É–π–Ω—è,2020-05-11T21:33:02Z,0
32,UgxbQziO5LR-_rUU1MF4AaABAg,_MugGNG6Qkw,–¢–µ–ª–µ–∫–∞–Ω–∞–ª –î–æ–∂–¥—å,0,1,–°–µ—Ä–≥–µ–π –°–∫–∏–±–∏–Ω,–ü—Ä–æ—Å—Ç–µ—Ç—É—Ç–∫–∏,2020-05-11T21:31:55Z,0
33,Ugz4bmggMs6A_wjPldZ4AaABAg,_MugGNG6Qkw,–¢–µ–ª–µ–∫–∞–Ω–∞–ª –î–æ–∂–¥—å,0,2,–°–µ—Ä–≥–µ–π –°–∫–∏–±–∏–Ω,–ê –º–æ–π –Ω–∞–ø–∏—Ç–æ–∫ —Å–∞–º–æ–≥–æ–Ω,2020-05-11T21:27:17Z,0
34,Ugw29yE6V2cnEF06Lop4AaABAg,_MugGNG6Qkw,–¢–µ–ª–µ–∫–∞–Ω–∞–ª –î–æ–∂–¥—å,0,0,Real Da Vinci Code Occult Games of the elite,"–û–ø–µ—Ä–∞—Ü–∏—è ''–ö–æ—Ä–æ–Ω–∞–≤–∏—Ä—É—Å'', –ë–∏–ª–ª –ì–µ–π—Ç—Å –∏ –±–æ–ª—å—à–∞—è —Ñ–∞—Ä–º–∞—Ü–µ–≤—Ç–∏–∫–∞. –≠–∑–æ—Ç–µ—Ä–∏—á–µ—Å–∫–∏–µ –∏—Å—Ç–æ–∫–∏
http://conspiracytheory.mybb.ru/viewtopic.php?id=5185
https://www.youtube.com/watch?v=kpay-9lHBB8&t=34s	
–†–µ–∞–ª—å–Ω—ã–π –ö–æ–¥ –¥–∞ –í–∏–Ω—á–∏.–û–∫–∫—É–ª—å—Ç–Ω—ã–µ –∏–≥—Ä—ã —ç–ª–∏—Ç—ã
https://www.litres.ru/vadim-shegalov-14240414/realnyy-kod-da-vinchi/chitat-onlayn/
–í —ç—Ç–æ–π –∫–Ω–∏–≥–µ –±—É–¥—É—Ç —Ä–∞—Å–∫—Ä—ã—Ç—ã –æ–∫–∫—É–ª—å—Ç–Ω—ã–µ –ø—Ä–∞–∫—Ç–∏–∫–∏ –∏ –≤–µ—Ä–æ–≤–∞–Ω–∏—è —ç–ª–∏—Ç—ã, –≤ —á–∞—Å—Ç–Ω–æ—Å—Ç–∏ –ì–æ–ª–ª–∏–≤—É–¥—Å–∫–æ–≥–æ –∏ –ø–æ–ª–∏—Ç–∏—á–µ—Å–∫–æ–≥–æ –∏—Å—Ç—ç–±–ª–∏—à–º–µ–Ω—Ç–∞, –∫–æ—Ç–æ—Ä—ã–µ –ø—Ä–æ—è–≤–ª—è—é—Ç—Å—è —á–µ—Ä–µ–∑ –∫–æ–¥—ã –Ω—É–º–µ—Ä–æ–ª–æ–≥–∏–∏ –≤ –∫–∏–Ω–æ—Ñ–∏–ª—å–º–∞—Ö, —Å—Ä–µ–¥—Å—Ç–≤–∞—Ö –º–∞—Å—Å–æ–≤–æ–π –∏–Ω—Ñ–æ—Ä–º–∞—Ü–∏–∏ –∏ —à–æ—É-–±–∏–∑–Ω–µ—Å–µ. –ö–Ω–∏–≥–∞ –≤ –Ω–æ–≤–æ–º –∂–∞–Ω—Ä–µ —ç–∑–æ—Ç–µ—Ä–∏—á–µ—Å–∫–æ–≥–æ –¥–µ—Ç–µ–∫—Ç–∏–≤–∞ –ø–æ–∫–∞–∂–µ—Ç –≤–∞–º –Ω–∞ –ø—Ä–∏–º–µ—Ä–µ —Å–æ—Ç–µ–Ω –∏–ª–ª—é—Å—Ç—Ä–∞—Ü–∏–π, –∞–ª–≥–æ—Ä–∏—Ç–º—ã, –ø–æ –∫–æ—Ç–æ—Ä—ã–º –ª—é–±–æ–π –∏–∑ —á–∏—Ç–∞—Ç–µ–ª–µ–π, –±–µ–∑ –æ—Å–æ–±–æ–≥–æ —Ç—Ä—É–¥–∞ –Ω–∞—É—á–∏—Ç—Å—è –Ω–∞—Ö–æ–¥–∏—Ç—å –∏ –∏–¥–µ–Ω—Ç–∏—Ñ–∏—Ü–∏—Ä–æ–≤–∞—Ç—å —ç–∑–æ—Ç–µ—Ä–∏—á–µ—Å–∫–∏–µ –∫–æ–¥—ã –≤ —Å–∞–º—ã—Ö –Ω–µ–æ–∂–∏–¥–∞–Ω–Ω—ã—Ö –º–µ—Å—Ç–∞—Ö.",2020-05-11T20:24:37Z,0
35,UgyDBgsk6YYBl2r4rWV4AaABAg,_MugGNG6Qkw,–¢–µ–ª–µ–∫–∞–Ω–∞–ª –î–æ–∂–¥—å,0,2,Guzelia Kern,–ì–¥–µ –º–æ–∂–Ω–æ –µ—â–µ –ø–æ—Å–º–æ—Ç—Ä–µ—Ç—å —á—Ç–µ–Ω–∏–µ –°–≤–µ—Ç–ª–∞–Ω—ã –ê–ª–µ–∫—Å–∏–µ–≤–∏—á –∞–∫—Ç—Ä–∏—Å–∞–º–∏ ?,2020-05-11T20:01:19Z,0
36,UgzGaDZ1vbGvun0UmIR4AaABAg,_MugGNG6Qkw,–¢–µ–ª–µ–∫–∞–Ω–∞–ª –î–æ–∂–¥—å,0,1,–ê–ª–µ–∫—Å–µ–π –ú–∞—Å–ª–æ–≤,–ê–º–∏–Ω—å....,2020-05-11T19:55:28Z,0
37,UgwF7-m8kCyGoDleurB4AaABAg,_MugGNG6Qkw,–¢–µ–ª–µ–∫–∞–Ω–∞–ª –î–æ–∂–¥—å,0,1,–ñ–∞–Ω–∞—Ä –ö—É—Å–∞–∏–Ω–æ–≤–∞,"–ï—Å—Ç—å —Ö–æ—Ä–æ—à–∏–π –∞—Ä–º—è–Ω—Å–∫–∏–π —Ñ–∏–ª—å–º –°–ª–æ–Ω –∏ —Å–æ–ª–¥–∞—Ç. –¢–∞–º –µ—â–µ –∏–≥—Ä–∞–µ—Ç –§—Ä—É–Ω–∑–∏–∫ –ú–∫—Ä—Ç—á—è–Ω. –û—á–µ–Ω—å –≤–ø–æ–ª–Ω–µ, —á—Ç–æ–±—ã –¥–µ—Ç—è–º –ø–æ–∫–∞–∑–∞—Ç—å.",2020-05-11T19:41:21Z,0
38,UgwsSOGkDkBRfhkEN-R4AaABAg,_MugGNG6Qkw,–¢–µ–ª–µ–∫–∞–Ω–∞–ª –î–æ–∂–¥—å,1,5,–ê–ª–µ–∫—Å–µ–π –ê–ª–µ–∫—Å–µ–π,"–ì–æ—Å–ø–æ–¥–∏ –∫–æ–≥–¥–∞ –∂–µ –≤—ã —É–≥–æ–º–æ–Ω–∏—Ç–µ—Å—å –±–µ–∑—É–º—Ü—ã —Å–æ —Å–≤–æ–∏–º –î–ù–Å–ú –ü–û–ë–ï–î–´ - –ü–†–ê–ó–î–ù–ò–ö , –º–µ , –º–µ , –º–µ , –±–æ–ª—å—à–µ 40 –º–∏–ª–ª–∏–æ–Ω–æ–≤ –∂–µ—Ä—Ç–≤ , –∞ —É –≤–∞—Å –≥—Ä—É—Å—Ç–Ω—ã–π –ü–†–ê–ó–î–ù–ò–ö , —á—Ç–æ –∂–µ —É –≤–∞—Å –∑–∞ –ø–µ–Ω–æ–ø–ª–∞—Å—Ç –≤ –±–∞—à–∫–µ –∫—É—Ä—ã ? –£ –≤—Å–µ—Ö –∞–¥–µ–∫–≤–∞—Ç–Ω—ã—Ö –ª—é–¥–µ–π —ç—Ç–∏ –¥–∞—Ç—ã –¥–Ω–∏ –°–ö–û–†–ë–ò –∏ –ü–ê–ú–Ø–¢–ò , –∞ —É –≤–∞—Å –ü–†–ê–ó–î–ù–ò–ö - –ü–û–ë–ï–î–û–ë–ï–°–ò–Ø . 75 –ª–µ—Ç –Ω–æ—Å–∏—Ç–µ—Å—å —Å–æ —Å–≤–æ–∏–º –ú–û–ñ–ï–ú –ü–û–í–¢–û–†–ò–¢–¨ , —á—Ç–æ –º–æ–∂–µ—Ç–µ , –ê—Å—Ç–∞—Ñ—å–µ–≤–∞ , –ù–∏–∫—É–ª–∏–Ω–∞ –ø–æ—á–∏—Ç–∞–π—Ç–µ —É–±–æ–≥–∏–µ. –©–µ–±–µ—Ç—É–Ω—å–∏  –Ω–∞ –∫–∞—Ä–∞–Ω—Ç–∏–Ω–µ.",2020-05-11T19:32:25Z,0
39,UgwsSOGkDkBRfhkEN-R4AaABAg.98XJHEwm1SK98YK6Mg4oko,_MugGNG6Qkw,–¢–µ–ª–µ–∫–∞–Ω–∞–ª –î–æ–∂–¥—å,0,2,–ê–Ω–∞—Å—Ç–∞—Å–∏—è –ê–Ω–¥—Ä–µ–µ–≤–∞,"–ù–µ, ""–º–æ–∂–µ–º –ø–æ–≤—Ç–æ—Ä–∏—Ç—å"" –ø–æ—è–≤–∏–ª–æ—Å—å —Å–æ–≤—Å–µ–º –Ω–µ–¥–∞–≤–Ω–æ, —É–∂–µ –ø—Ä–∏ –Ω—ã–Ω–µ—à–Ω–µ–º. –í –°–°–°–† –ø–æ–¥–æ–±–Ω–æ–≥–æ –Ω–µ –±—ã–ª–æ.",2020-05-12T04:58:55Z,1
40,Ugwwik_pgaCLjO5Z0y54AaABAg,_MugGNG6Qkw,–¢–µ–ª–µ–∫–∞–Ω–∞–ª –î–æ–∂–¥—å,0,1,Entombed,"–†–∞–∑–±–æ—Ä –ó—É–ª–µ–π—Ö–∏ -
https://youtu.be/GZK5y0IoZuQ",2020-05-11T18:58:34Z,0
41,UgzbQVDToML7l5XdJ2J4AaABAg,_MugGNG6Qkw,–¢–µ–ª–µ–∫–∞–Ω–∞–ª –î–æ–∂–¥—å,0,6,–õ—ë–ª—è,–Æ–ª—è —Ç–∞–∫–∞—è –∫—Ä–∞—Å–∏–≤–∞—è –∂–µ–Ω—â–∏–Ω–∞ü•∞,2020-05-11T18:45:16Z,0
42,Ugxt2Wg_IQZ8W1rK4o94AaABAg,_MugGNG6Qkw,–¢–µ–ª–µ–∫–∞–Ω–∞–ª –î–æ–∂–¥—å,0,7,–¢–∞–Ω—è –ü–æ—Ç–∞–ø–æ–≤–∞,–ü—Ä–æ –∫–æ—Ñ–µ –Ω–µ –∏–Ω—Ç–µ—Ä–µ—Å–Ω–æ,2020-05-11T18:43:40Z,0
43,UgwJw0BaqIhJgwOBPQF4AaABAg,_MugGNG6Qkw,–¢–µ–ª–µ–∫–∞–Ω–∞–ª –î–æ–∂–¥—å,0,0,viva solnce,"https://vk.com/pravoved_ussr?z=video-183631751_456239801%2F1a5044a82f3d30546d%2Fpl_wall_-183631751
–î–æ–∫—Ç–æ—Ä–∞ –≤ —á–µ—Ä–Ω–æ–º





https://www.youtube.com/watch?v=attKu2dlB1w –ü–µ—Ä–µ—Å—Ç–∞—Ç—å –±–æ—è—Ç—å—Å—è –∏ –Ω–∞—á–∞—Ç—å –¥–µ–π—Å—Ç–≤–æ–≤–∞—Ç—å¬†#–û–ª—å–≥–∞–ß–µ—Ç–≤–µ—Ä–∏–∫–æ–≤–∞




https://www.youtube.com/watch?v=jU6fuPoQonU&t=2405s –ü–æ—á–µ–º—É —Ñ–∞—à–∏–∑–º –≤–æ–∑—Ä–æ–∂–¥–∞–µ—Ç—Å—è –∏ —Å–Ω–æ–≤–∞ –≥—Ä–æ–∑–∏—Ç —á–µ–ª–æ–≤–µ—á–µ—Å—Ç–≤—É?",2020-05-11T18:37:08Z,0
44,UgwuY-TCCobiZ3wisyZ4AaABAg,_MugGNG6Qkw,–¢–µ–ª–µ–∫–∞–Ω–∞–ª –î–æ–∂–¥—å,0,0,viva solnce,"https://www.youtube.com/watch?v=QjcOWEbeD3M
–°–µ–Ω—Å–∞—Ü–∏–æ–Ω–Ω–æ–µ –∏–Ω—Ç–µ—Ä–≤—å—é –ö–ê–¢–ò –ì–û–†–î–û–ù! –£–≤–∞–∂–µ–Ω–∏–µ –µ–π –∏ —Ä–µ—Å–ø–µ–∫—Ç! 19.04.2020.",2020-05-11T18:36:14Z,0
45,UgyS8WqRBdXZcU81ToN4AaABAg,_MugGNG6Qkw,–¢–µ–ª–µ–∫–∞–Ω–∞–ª –î–æ–∂–¥—å,0,1,–°–µ—Ä–≥–µ–π –ë–æ–Ω–¥–∞—Ä–µ–Ω–∫–æ,"–∫–æ–≥–¥–∞ –∫ –º–æ–µ–π –ø–æ–¥—Ä—É–≥–∏ –ø—Ä–∏—Ö–æ–¥—è—Ç, –≤–æ—Ç —Ç–∞–∫–∞—è –∂–µ –∞—Ö–∏–Ω–µ—è. –û–¥–∏–Ω –≤ –æ–¥–∏–Ω. –°–ø–∞—Å–∏–±–æ, –∫–∞–∫ –≤ —Ç–µ, —É–∂–µ —Å–ª–µ–≥–∫–∞ –ø–æ–∑–∞–±—ã—Ç—ã–µ, –≤—Ä–µ–º–µ–Ω–∞ –≤–µ—Ä–Ω—É–ª—Å—è.",2020-05-11T18:16:58Z,0
46,UgxMFNlzQJZPmbdzF6J4AaABAg,_MugGNG6Qkw,–¢–µ–ª–µ–∫–∞–Ω–∞–ª –î–æ–∂–¥—å,0,2,–°–æ–∫—Ä–∞—Ç –ü–ª–∞—Ç–æ–Ω–æ–≤,"–î–≤–µ –¥–µ–≤–∏—Ü—ã –ø–æ–¥...
–ù–∞–¥...
–≠—Ç–æ –∫—Ç–æ?",2020-05-11T18:13:41Z,0
47,UgzLaw7tCtEdp5RlDxR4AaABAg,_MugGNG6Qkw,–¢–µ–ª–µ–∫–∞–Ω–∞–ª –î–æ–∂–¥—å,1,4,–ï–ª–µ–Ω–∞ –ö—É–ª–∏–∫–æ–≤–∞,–Æ–ª–µ—á–∫–∞ –ø—Ä–µ–∫—Ä–∞—Å–Ω–∞ ....–ø–æ—Å–ª—É—à–∞—é –µ—ë –ª–µ—Ç —á–µ—Ä–µ–∑ 20. –°–µ–π—á–∞—Å –Ω–∏–æ—á—ë–º,2020-05-11T17:54:16Z,0
48,UgzLaw7tCtEdp5RlDxR4AaABAg.98X82LsyWJh98X8mrcbMfJ,_MugGNG6Qkw,–¢–µ–ª–µ–∫–∞–Ω–∞–ª –î–æ–∂–¥—å,0,0,–ï–ª–µ–Ω–∞ –ö—É–ª–∏–∫–æ–≤–∞,–ü—Ä–æ –ó—É–ª–µ–π—Ö—É –≤—Å—ë –ø—Ä–∞–≤–∏–ª—å–Ω–æ —Å–∫–∞–∑–∞–ª–∞. –Ø —á–∏—Ç–∞–ª–∞ –∫–Ω–∏–≥—É. –í–µ–ª–∏–∫–æ–ª–µ–ø–Ω–æ!!! –ß—É–ª–ø–∞–Ω –æ–±–æ–∂–∞—é.,2020-05-11T18:00:45Z,1
49,UgyJyAru8SfiJ71Vz3x4AaABAg,_MugGNG6Qkw,–¢–µ–ª–µ–∫–∞–Ω–∞–ª –î–æ–∂–¥—å,0,7,Roman Panchenko,–ó—É–ª–µ–π—Ö–∞ –∑–∞–ª–∏–≤–∞–µ—Ç —à–∞—Ä—ãüëç,2020-05-11T17:31:10Z,0
50,UgyIiKgacu2Tctxn19h4AaABAg,_MugGNG6Qkw,–¢–µ–ª–µ–∫–∞–Ω–∞–ª –î–æ–∂–¥—å,1,7,Tumaca&Alpaca,"–ü—Ä–µ–∫—Ä–∞—Å–Ω–∞—è –Æ–ª—è. –ë–ª–∞–≥–æ–¥–∞—Ä—è —ç—Ç–æ–º—É –∏–Ω—Ç–µ—Ä–≤—å—é —É–∑–Ω–∞–ª–∞ –ø—Ä–æ –∞–∫—Ü–∏—é, –∫–æ—Ç–æ—Ä—É—é –ø—Ä–µ–∫—Ä–∞—Å–Ω—ã–µ –∞–∫—Ç—Ä–∏—Å—ã –ø—Ä–æ–≤–æ–¥–∏–ª–∏ 9 –º–∞—è –≤ —Å–≤–æ–∏—Ö –∏–Ω—Å—Ç–∞–≥—Ä–∞–º–∞—Ö. –°–º–æ—Ç—Ä–µ–ª–∞ –ø–æ—á—Ç–∏ –≤–µ—Å—å –¥–µ–Ω—å, –Ω–µ –º–æ–≥–ª–∞ —Å–¥–µ—Ä–∂–∏–≤–∞—Ç—å —Å–ª—ë–∑. –≠—Ç–æ –±—ã–ª–æ –ª—É—á—à–µ–µ 9 –º–∞—è –∑–∞ –≤—Å—é –º–æ—é –∂–∏–∑–Ω—å, —Å–∞–º–æ–µ —á–µ—Å—Ç–Ω–æ–µ. –°–ø–∞—Å–∏–±–æ!",2020-05-11T17:15:13Z,0
51,UgyIiKgacu2Tctxn19h4AaABAg.98X3_KpH2Wo98Y2xvQW5Jg,_MugGNG6Qkw,–¢–µ–ª–µ–∫–∞–Ω–∞–ª –î–æ–∂–¥—å,0,0,–°–∞–Ω –°–∞–Ω—ã—á,"–®–æ,–æ–ø—è—Ç—å –≤ —Ç—Ä—É—Å–∞—Ö —Ç–∞–Ω—Ü–µ–≤–∞–ª–∏?",2020-05-12T02:29:04Z,1
52,Ugx8w2MsDNvRpjy1-id4AaABAg,_MugGNG6Qkw,–¢–µ–ª–µ–∫–∞–Ω–∞–ª –î–æ–∂–¥—å,8,13,–°–µ—Ä–≥–µ–π –ö–∞—à–µ–≤–∞—Ä–æ–≤,–Ø –≤–æ—Ç –≤—Å–µ –¥—É–º–∞—é –∑–∞—á–µ–º —è —ç—Ç–æ –≤—Å–µ —Å–º–æ—Ç—Ä—é ?? –ù–µ –Ω–∞—Ö–æ–∂—É –æ—Ç–≤–µ—Ç–∞,2020-05-11T17:09:44Z,0
53,UgyTVjPN897BK-Q2kNl4AaABAg,_MugGNG6Qkw,–¢–µ–ª–µ–∫–∞–Ω–∞–ª –î–æ–∂–¥—å,2,5,–§–µ–¥–æ—Ä –ü–æ–ø–æ–≤,"–ü—Ä–æ—à—É –≤–∞—Å –ø–æ–¥–¥–µ—Ä–∂–∞—Ç—å –Ω–∞—à—É –ø–µ—Ç–∏—Ü–∏—é. –Ø –Ω–µ –ø—Ä–æ—à—É –≤—ã–ø–ª–∞—Ç –æ—Ç –≥–æ—Å—É–¥–∞—Ä—Å—Ç–≤–∞, –∞ –ø—Ä–æ—à—É —ç–ª–µ–º–µ–Ω—Ç–∞—Ä–Ω–æ–µ - —ç—Ç–æ –æ–±–µ—Å–ø–µ—á–µ–Ω–∏–µ –±–µ–∑–æ–ø–∞—Å–Ω–æ—Å—Ç–∏ –∑–¥–æ—Ä–æ–≤—å—è –≥—Ä–∞–∂–¥–∞–Ω.

–ë–µ—Å–ø–ª–∞—Ç–Ω–∞—è –≤—ã–¥–∞—á–∞ –≥—Ä–∞–∂–¥–∞–Ω–∞–º –†–æ—Å—Å–∏–∏ —Å—Ä–µ–¥—Å—Ç–≤ –∏–Ω–¥–∏–≤–∏–¥—É–∞–ª—å–Ω–æ–π –∑–∞—â–∏—Ç—ã –≤ –ø–µ—Ä–∏–æ–¥ –º–∞—Å–æ—á–Ω–æ–≥–æ –∏ –ø–µ—Ä—á–∞—Ç–æ—á–Ω–æ–≥–æ —Ä–µ–∂–∏–º–æ–≤.
–°—Å—ã–ª–∫–∞ –Ω–∞ –ø–µ—Ç–∏—Ü–∏—é: https://vk.com/app6890792#p=51592",2020-05-11T17:05:04Z,0
54,UgyTVjPN897BK-Q2kNl4AaABAg.98X2Q29tSAr98YUABe3Gvl,_MugGNG6Qkw,–¢–µ–ª–µ–∫–∞–Ω–∞–ª –î–æ–∂–¥—å,0,0,–î–µ–Ω–∏—Å –ö—É–¥—Ä–∞,"–•–æ—Ä–æ—à–µ–≥–æ –≤–∞–º –Ω–∞—Å—Ç—Ä–æ–µ–Ω–∏—è, –≤—ã —Ç–∞–º –¥–µ—Ä–∂–∏—Ç–µ—Å—å!",2020-05-12T06:26:49Z,1
55,UgyTVjPN897BK-Q2kNl4AaABAg.98X2Q29tSAr98XLXDo1ig5,_MugGNG6Qkw,–¢–µ–ª–µ–∫–∞–Ω–∞–ª –î–æ–∂–¥—å,0,1,–°–µ—Ä–≥–µ–π –ö–∞—à–µ–≤–∞—Ä–æ–≤,"–§–µ–¥–æ—Ä –ü–æ–ø–æ–≤ –§–µ–¥—å —Ç—ã —á–µ–≥–æ —Å –¥—É–±–∞ —Ä—É—Ö–Ω—É–ª , —Ç—ã –≤ –†–æ—Å—Å–∏–∏ –∂–∏–≤–µ—à—å ! –ö–æ—Ä–æ—á–µ –ü–æ–ø–æ–≤ –¥—É–º–∞—é –≥–æ–ª–æ–≤–æ–π , –∞ –Ω–µ –ø–æ–ø–æ–π",2020-05-11T19:52:05Z,1
56,UgyIp55n4EsYsd4aeft4AaABAg,_MugGNG6Qkw,–¢–µ–ª–µ–∫–∞–Ω–∞–ª –î–æ–∂–¥—å,0,3,–ó—Ä–∞–ö –ú—É–∑–ª–û,"–ö–ª–∞—Å—Å–Ω—ã–µ –¥–∏–≤—á—ë–Ω–∫–∏üòç —Ç–æ–ª—å–∫–æ –∑–≤—É–∫ –≤—ã–∫–ª—é—á–∏—Ç–µ. –ü—Ä–æ—Å—Ç–æ —Å–º–æ—Ç—Ä–∏—Ç–µüòèüòâüôÉ—Å—É–¥–∞—Ä—ã–Ω–∏ –±–µ–∑ –æ–±–∏–¥ , —Ç–æ'–∫–æüôÇ",2020-05-11T17:04:56Z,0
57,Ugx8w2MsDNvRpjy1-id4AaABAg.98X2x7tUfRC98XcAKIP9Zu,_MugGNG6Qkw,–¢–µ–ª–µ–∫–∞–Ω–∞–ª –î–æ–∂–¥—å,0,0,–ë–∞—Ö–∞—Ä–µ–≤ –ê–ª–µ–∫—Å–µ–π,@–°–µ—Ä–≥–µ–π –ö–∞—à–µ–≤–∞—Ä–æ–≤ ‚úä‚úä‚úä,2020-05-11T22:26:14Z,1
58,Ugx8w2MsDNvRpjy1-id4AaABAg.98X2x7tUfRC98Xc7KQS4zV,_MugGNG6Qkw,–¢–µ–ª–µ–∫–∞–Ω–∞–ª –î–æ–∂–¥—å,0,0,–°–µ—Ä–≥–µ–π –ö–∞—à–µ–≤–∞—Ä–æ–≤,"–ë–∞—Ö–∞—Ä–µ–≤ –ê–ª–µ–∫—Å–µ–π —Ç–∞–∫ –∏ –¥–æ–ª–∂–Ω–æ –±—ã—Ç—å  –æ–¥–Ω–∞ –∂—É—Ä–Ω–∞–ª–∏—Å—Ç , –¥—Ä—É–≥–∞ –∞–∫—Ç—Ä–∏—Å–∞",2020-05-11T22:25:50Z,1
59,Ugx8w2MsDNvRpjy1-id4AaABAg.98X2x7tUfRC98XbxnNt2Rj,_MugGNG6Qkw,–¢–µ–ª–µ–∫–∞–Ω–∞–ª –î–æ–∂–¥—å,0,0,–°–µ—Ä–≥–µ–π –ö–∞—à–µ–≤–∞—Ä–æ–≤,–ë–∞—Ö–∞—Ä–µ–≤ –ê–ª–µ–∫—Å–µ–π –ø–æ–ª–Ω–æ—Å—Ç—å—é –°–æ–≥–ª–∞—Å–µ–Ω —Å –í–∞–º,2020-05-11T22:24:23Z,1
60,Ugx8w2MsDNvRpjy1-id4AaABAg.98X2x7tUfRC98XbUj9uEkj,_MugGNG6Qkw,–¢–µ–ª–µ–∫–∞–Ω–∞–ª –î–æ–∂–¥—å,0,0,–ë–∞—Ö–∞—Ä–µ–≤ –ê–ª–µ–∫—Å–µ–π,@–°–µ—Ä–≥–µ–π –ö–∞—à–µ–≤–∞—Ä–æ–≤. –î—É–º–∞—é –Ω–µ—Ç. –≠—Ç–æ —Å–ª–æ–≤–æ –æ–∑–Ω–∞—á–∞–µ—Ç - –∏ –≤–∞—à–∏–º –∏ –Ω–∞—à–∏–º.,2020-05-11T22:20:17Z,1
61,Ugx8w2MsDNvRpjy1-id4AaABAg.98X2x7tUfRC98XaxescRVV,_MugGNG6Qkw,–¢–µ–ª–µ–∫–∞–Ω–∞–ª –î–æ–∂–¥—å,0,2,–°–µ—Ä–≥–µ–π –ö–∞—à–µ–≤–∞—Ä–æ–≤,–ë–∞—Ö–∞—Ä–µ–≤ –ê–ª–µ–∫—Å–µ–π –µ–º–∫–æ–µ –æ—á–µ–Ω—å —Å–ª–æ–≤–æ ¬´–ø—Ä–æ—Å—Ç–∏—Ç—É—Ç–∫–∞¬ª,2020-05-11T22:15:38Z,1
62,Ugx8w2MsDNvRpjy1-id4AaABAg.98X2x7tUfRC98X_VMtCSku,_MugGNG6Qkw,–¢–µ–ª–µ–∫–∞–Ω–∞–ª –î–æ–∂–¥—å,0,0,–ë–∞—Ö–∞—Ä–µ–≤ –ê–ª–µ–∫—Å–µ–π,@–°–µ—Ä–≥–µ–π –ö–∞—à–µ–≤–∞—Ä–æ–≤. –ù–∞ –ø—Ä–∞–≤–¥—É –Ω–µ –Ω—É–∂–Ω–æ –æ–±–∏–∂–∞—Ç—å—Å—è. –ü–æ—á—Ç–∏ –≤—Å—è —ç—Ç–∞ –ø—É–±–ª–∏–∫–∞ - –ø—Ä–æ—Å—Ç–∏—Ç—É—Ç–∫–∏.,2020-05-11T22:02:54Z,1
63,Ugx8w2MsDNvRpjy1-id4AaABAg.98X2x7tUfRC98XWvohboK9,_MugGNG6Qkw,–¢–µ–ª–µ–∫–∞–Ω–∞–ª –î–æ–∂–¥—å,0,0,–°–µ—Ä–≥–µ–π –ö–∞—à–µ–≤–∞—Ä–æ–≤,–°–µ—Ä–≥–µ–π –°–∫–∏–±–∏–Ω –∑–∞—á–µ–º –í—ã —Ç–∞–∫,2020-05-11T21:31:41Z,1
64,Ugx8w2MsDNvRpjy1-id4AaABAg.98X2x7tUfRC98X3DK6kz8b,_MugGNG6Qkw,–¢–µ–ª–µ–∫–∞–Ω–∞–ª –î–æ–∂–¥—å,0,2,–ë–∞—Ö–∞—Ä–µ–≤ –ê–ª–µ–∫—Å–µ–π,–ê–Ω–∞–ª–æ–≥–∏—á–Ω–æ.,2020-05-11T17:12:04Z,1
