,id,videoId,authorVideoName,totalReplyCount,likeCount,authorDisplayName,textDisplay,publishedAt,isReply
0,Ugx7VWcBFMGc9mzeOeJ4AaABAg,qUC46uz-cU8,–¢–µ–ª–µ–∫–∞–Ω–∞–ª –î–æ–∂–¥—å,0,1,–õ–∞ –õ–µ–≤,"–î–∞, —ç—Ç–∞ —Å—Ç—Ä–∞–Ω–∞ –º–æ—Ä–¥–æ—Ä, —Å—Ç–æ–ª—å–∫–æ –Ω–µ–Ω—É–∂–Ω—ã—Ö –¥–µ—Ç–µ–π, –±—Ä–æ—à–µ–Ω–Ω—ã—Ö –Ω–∞ –≤—ã–∂–∏–≤–∞–Ω–∏–µ",2020-06-03T02:01:41Z,0
1,UgyJoDstFHKTwn8CKr54AaABAg,qUC46uz-cU8,–¢–µ–ª–µ–∫–∞–Ω–∞–ª –î–æ–∂–¥—å,0,1,–õ–∞ –õ–µ–≤,"–î–µ–≤—á–æ–Ω–∫–∏ –≤—ã –º–æ–ª–æ–¥—Ü—ã!!! –ü—Ä–∏–º–µ—Ä—è—é –Ω–∞ —Å–µ–±—è, —è –±—ã –Ω–µ —Å–º–æ–≥–ª–∞",2020-06-03T01:58:10Z,0
2,UgzNEGD9nhGwLdzhcK94AaABAg,qUC46uz-cU8,–¢–µ–ª–µ–∫–∞–Ω–∞–ª –î–æ–∂–¥—å,2,2,–ï–ª–µ–Ω–∞ –ë–µ—Ä–µ–∑–æ–≤—Å–∫–∞—è,"–ö—Ä–æ–≤–Ω—ã–π —Ä–µ–±–µ–Ω–æ–∫ –∏–Ω–≤–∞–ª–∏–¥ - 19 500.
–î–µ–≤–æ—á–∫–∏ –∫–æ–Ω–µ—á–Ω–æ –≥–µ—Ä–æ–∏, –Ω–æ –Ω–µ–º–Ω–æ–≥–æ –æ–±–∏–¥–Ω–æ.",2020-06-03T01:02:19Z,0
3,UgzNEGD9nhGwLdzhcK94AaABAg.99QYWmblNax99h9AxECidq,qUC46uz-cU8,–¢–µ–ª–µ–∫–∞–Ω–∞–ª –î–æ–∂–¥—å,0,0,–ï–ª–µ–Ω–∞ –ë–µ—Ä–µ–∑–æ–≤—Å–∫–∞—è,"–û–ª—å–≥–∞ —ç—Ç–æ –ø–µ–Ω—Å–∏—è —Ä–µ–±—ë–Ω–∫–∞, —Å –º–æ—Å–∫–æ–≤—Å–∫–æ–π –¥–æ–ø–ª–∞—Ç–æ–π. –ü–æ —É—Ö–æ–¥—É —è –Ω–µ –ø–æ–ª—É—á–∞—é, –Ω–∏ –∫–æ–ø–µ–π–∫–∏, —Ä–∞–±–æ—Ç–∞—é, –ø–æ—Ç–æ–º—É —á—Ç–æ –Ω–∞ –ø–æ—Å–æ–±–∏–µ –ª–µ—á–∏—Ç—å –Ω–µ–≤–æ–∑–º–æ–∂–Ω–æ.",2020-06-09T21:07:13Z,1
4,UgzNEGD9nhGwLdzhcK94AaABAg.99QYWmblNax99h7SsgAjyT,qUC46uz-cU8,–¢–µ–ª–µ–∫–∞–Ω–∞–ª –î–æ–∂–¥—å,0,0,–û–ª—å–≥–∞,"–≠—Ç–æ, –Ω–∞–≤–µ—Ä–Ω–æ–µ –≤ –ú–æ—Å–∫–≤–µ —Ç–∞–∫–∞—è —Å—É–º–º–∞? –Ø –ø–æ —É—Ö–æ–¥—É –∑–∞ —Å–≤–æ–∏–º —Ä–µ–±—ë–Ω–∫–æ–º - –∏–Ω–≤–∞–ª–∏–¥–æ–º, –ø–æ–ª—É—á–∞–ª–∞ 1200 –≤ –º–µ—Å—è—Ü, –±–µ–∑ –ø—Ä–∞–≤–∞ —Ä–∞–±–æ—Ç–∞—Ç—å! –ê —Ç—É—Ç –Ω–µ –º–∞–º—ã, –∞ –∂–µ–Ω—â–∏–Ω—ã-–≤–æ—Å–ø–∏—Ç–∞—Ç–µ–ª—å–Ω–∏—Ü—ã, –ø–æ–ª—É—á–∞—é—â–∏–µ –∏ –Ω–∞ —Ä–µ–±—ë–Ω–∫–∞ –∏ –ø–æ —É—Ö–æ–¥—É. –ü—Ä–æ—Å—Ç–æ —Ä–∞–±–æ—Ç–∞ —Ç–∞–∫–∞—è.",2020-06-09T20:52:11Z,1
5,UgyK9WF_yuDHToiMcQN4AaABAg,qUC46uz-cU8,–¢–µ–ª–µ–∫–∞–Ω–∞–ª –î–æ–∂–¥—å,0,2,Nespaty,"–ó–¥—Ä–∞–≤—Å—Ç–≤—É–π—Ç–µ –≤ –Ω–∞—à–µ–π —Ä–µ—Å–ø—É–±–ª–∏–∫–µ (–ö–ß–†) —Å–µ–π—á–∞—Å –ø—Ä–æ–∏—Å—Ö–æ–¥–∏—Ç —Ç—Ä–∞–≥–µ–¥–∏—è –æ–≥—Ä–æ–º–Ω–æ–µ –∫–æ–ª–∏—á–µ—Å—Ç–≤–æ –∑–∞–±–æ–ª–µ–≤—à–∏—Ö COVID-19, –≤–ª–∞—Å—Ç–∏ —É–º–∞–ª—á–∏–≤–∞—é—Ç, –≤—Å–µ–º –±–µ–∑—Ä–∞–∑–ª–∏—á–Ω–æ –ø—Ä–æ–∏—Å—Ö–æ–¥—è—â–µ–µ –ø–æ–∂–∞–ª—É–π—Å—Ç–∞, –æ–±—Ä–∞—Ç–∏—Ç–µ –≤–Ω–∏–º–∞–Ω–∏–µ",2020-06-02T20:42:47Z,0
6,Ugw9WL_cs0CuB6XWVhd4AaABAg,qUC46uz-cU8,–¢–µ–ª–µ–∫–∞–Ω–∞–ª –î–æ–∂–¥—å,0,2,–ï–≤–∞ –ì–∞–≤—Ä–∏–ª–æ–≤–∞,"–¢–æ–ª—å–∫–æ –º–∞—Ä–≥–∏–Ω–∞–ª—ã —Å—á–∏—Ç–∞—é—Ç –∫–æ–ø–µ–π–∫–∏, –∫–æ—Ç–æ—Ä—ã–µ –ø–ª–∞—Ç–∏—Ç –≥–æ—Å-–≤–æ, –¥–µ–Ω—å–≥–∞–º–∏.",2020-06-02T17:47:50Z,0
7,UgzEcf28OXVVFOi5vkl4AaABAg,qUC46uz-cU8,–¢–µ–ª–µ–∫–∞–Ω–∞–ª –î–æ–∂–¥—å,0,0,smokovnitsa777,"–ü—Ä–æ –¥–µ–ø—É—Ç–∞—Ç–æ–≤, –∫–æ—Ç–æ—Ä—ã–µ –ø–æ–ª—É—á–∞—é—Ç 80 —Ç—ã—Å. - —Å–º–µ—à–Ω–æ. 
""–ó–∞—Ä–ø–ª–∞—Ç—ã –¥–µ–ø—É—Ç–∞—Ç–æ–≤ –ú–æ—Å–≥–æ—Ä–¥—É–º—ã –≤ 2020 –≥–æ–¥—É –ø—Ä–µ–≤—ã—Å—è—Ç 700 —Ç—ã—Å. —Ä—É–±. 
–û–Ω–∏ —É–∂–µ –ø–æ–ª—É—á–∞—é—Ç –±–æ–ª—å—à–µ —Ñ–µ–¥–µ—Ä–∞–ª—å–Ω—ã—Ö –º–∏–Ω–∏—Å—Ç—Ä–æ–≤""    
https://openmedia.io/infometer/zarplaty-deputatov-mosgordumy-v-2020-godu-prevysyat-700-tys-rub-oni-uzhe-poluchayut-bolshe-federalnyx-ministrov/",2020-06-02T17:23:45Z,0
8,Ugxtmn2q_D3zEK67O3t4AaABAg,qUC46uz-cU8,–¢–µ–ª–µ–∫–∞–Ω–∞–ª –î–æ–∂–¥—å,0,11,–ì–∞–ª–∏–Ω–∞ –ö—É–ª–∏–∫–æ–≤–∞,"–ñ–µ–Ω—â–∏–Ω—ã –∑–∞–º–µ—á–∞—Ç–µ–ª—å–Ω—ã–µ –∏ –æ—á–µ–Ω—å —Å–∏–º–ø–∞—Ç–∏—á–Ω—ã–µ, —Å–æ —Å–≤–µ—Ç–ª—ã–º–∏, –æ–¥—É—Ö–æ—Ç–≤–æ—Ä—ë–Ω–Ω—ã–º–∏ –ª–∏—Ü–∞–º–∏. –ù–∏–∑–∫–∏–π –ø–æ–∫–ª–æ–Ω –∏–º!",2020-06-02T17:06:28Z,0
9,UgzcAOhhWHAJB3jjvWV4AaABAg,qUC46uz-cU8,–¢–µ–ª–µ–∫–∞–Ω–∞–ª –î–æ–∂–¥—å,0,8,Irina Zurabova,–ö–æ–ª–æ—Å—Å–∞–ª—å–Ω–æ–µ  —É–≤–∞–∂–µ–Ω–∏–µ –∏ –≤–æ—Å—Ç–æ—Ä–≥! –ü—É—Å—Ç—å –ì–æ—Å–ø–æ–¥—å –¥–∞—Å—Ç –≤–∞–º —Å–∏–ª –∏ –∑–¥–æ—Ä–æ–≤—å—è –Ω–∞ –±–ª–∞–≥–æ–µ –¥–µ–ª–æ.,2020-06-02T13:47:32Z,0
10,Ugz2WZlsfha5KAetSU14AaABAg,qUC46uz-cU8,–¢–µ–ª–µ–∫–∞–Ω–∞–ª –î–æ–∂–¥—å,0,8,–ï–ª–µ–Ω–∞ –ö–∞—Å—å–∫–æ–≤–∞,"–ù–∏–∑–∫–∏–π –ø–æ–∫–ª–æ–Ω, –≤–∞–º –¥–µ–≤—á–æ–Ω–∫–∏, –∑–¥–æ—Ä–æ–≤—å—è –∏ —Å–∏–ª –≤–∞–º –∏ –≤–∞—à–∏–º –¥–µ—Ç—è–º!!!!!",2020-06-02T13:01:21Z,0
11,UgyKrJsbsWMt0txsMpN4AaABAg,qUC46uz-cU8,–¢–µ–ª–µ–∫–∞–Ω–∞–ª –î–æ–∂–¥—å,2,6,–°–≤–µ—Ç–ª–∞–Ω–∞ –ü,"""–ù–æ —ç—Ç–æ —Ç–æ—á–Ω–æ –Ω–µ —è!""))))))) 
–ó–∞–º–µ—á–∞—Ç–µ–ª—å–Ω—ã–µ –ª—é–¥–∏! –°–ø–∞—Å–∏–±–æ.",2020-06-02T12:55:47Z,0
12,UgyKrJsbsWMt0txsMpN4AaABAg.99PFNRQbLpO99PzAmZsZ5F,qUC46uz-cU8,–¢–µ–ª–µ–∫–∞–Ω–∞–ª –î–æ–∂–¥—å,0,1,–°–≤–µ—Ç–ª–∞–Ω–∞ –ü,"@–ê–Ω–∞—Å—Ç–∞—Å–∏—è –ê–Ω–¥—Ä–µ–µ–≤–∞ , —É –Ω–∏—Ö —Å–æ—Ö—Ä–∞–Ω–∏–ª–∏—Å—å –Ω–æ—Ä–º–∞–ª—å–Ω—ã–µ –æ—Ç–Ω–æ—à–µ–Ω–∏—è, –∞ —ç—Ç–æ –≥–ª–∞–≤–Ω–æ–µ.",2020-06-02T19:44:45Z,1
13,UgyKrJsbsWMt0txsMpN4AaABAg.99PFNRQbLpO99PsWdRn9sV,qUC46uz-cU8,–¢–µ–ª–µ–∫–∞–Ω–∞–ª –î–æ–∂–¥—å,0,1,–ê–Ω–∞—Å—Ç–∞—Å–∏—è –ê–Ω–¥—Ä–µ–µ–≤–∞,"–°–≤–µ—Ç–ª–∞–Ω–∞ —É–¥–∏–≤–∏—Ç–µ–ª—å–Ω–∞—è –∂–µ–Ω—â–∏–Ω–∞! –£–º–Ω–∞—è, –≤–æ–ª–µ–≤–∞—è, —Å —á—É–≤—Å—Ç–≤–æ–º —é–º–æ—Ä–∞, –ø—Ä–∏—è—Ç–Ω–∞—è –≤–Ω–µ—à–Ω–æ—Å—Ç—å –∏ –≥–æ–ª–æ—Å. –£ –ü–∏–≤–æ–≤–∞—Ä–æ–≤–∞ –æ–Ω–∞ —Ä–∞—Å—Å–∫–∞–∑—ã–≤–∞–ª–∞, —á—Ç–æ –æ—Ç –Ω–µ–µ —É—à–µ–ª –º—É–∂. –ü–æ—Ä–∞–∂–∞—é—Å—å, –∫–∞–∫ –º–æ–∂–Ω–æ —É–π—Ç–∏ –æ—Ç  —Ç–∞–∫–æ–π –∂–µ–Ω—â–∏–Ω—ã???",2020-06-02T18:46:34Z,1
14,UgzXP0aOZ9Le6VbmHqx4AaABAg,qUC46uz-cU8,–¢–µ–ª–µ–∫–∞–Ω–∞–ª –î–æ–∂–¥—å,0,4,–ù–∞—Ç–∞—à–∞ –°–æ–∏–Ω–∞,"–û—á–µ–Ω—å –∏–Ω—Ç–µ—Ä–µ—Å–Ω–æ, –Ω–æ —Ö–æ—Ç–µ–ª–æ—Å—å –±—ã –±–æ–ª—å—à–µ –∏–Ω—Ñ–æ—Ä–º–∞—Ü–∏–∏ –Ω–∞ —ç—Ç—É —Ç–µ–º—É. –ê –≥–µ—Ä–æ–∏–Ω–∏ –≤—Å–µ –∫–æ–Ω–µ—á–Ω–æ –±–æ–ª—å—à–∏–µ –º–æ–ª–æ–¥—Ü—ã! –ü—Ä–æ—Å—Ç–æ –≤–æ—Å—Ö–∏—â–∞—é—Å—å –≤—Å–µ–º–∏!",2020-06-02T12:55:32Z,0
15,Ugwwcq0Ig6ubAEfFU5N4AaABAg,qUC46uz-cU8,–¢–µ–ª–µ–∫–∞–Ω–∞–ª –î–æ–∂–¥—å,0,1,ZL–´. –¥–µ–Ω—å,"–Ω—É –≤–æ—Ç —á–µ–º –≥–æ—Ä–¥–∏—Ç—å—Å—è ?  —è –±—ã —Ç–æ–∂–µ —Å —É–¥–æ–≤–æ–ª—å—Å—Ç–≤–∏–µ–º –±—ã –æ–ø–µ–∫–∞–ª(–ª–∞) —Ä–µ–±—ë–Ω–∫–∞, –Ω–æ –∫—Ç–æ –±—ã –º–Ω–µ –ø–æ–∑–≤–æ–ª–∏–ª? –≤ –Ω–∞—à–µ–π –µ–±—É—á–µ–π –±—é—Ä–æ–∫—Ä–∞—Ç–∏—á–µ—Å–∫–æ–π –†–æ—Å—Å–∏–∏",2020-06-02T12:23:59Z,0
16,Ugx20mVoJNbLYvxxPTJ4AaABAg,qUC46uz-cU8,–¢–µ–ª–µ–∫–∞–Ω–∞–ª –î–æ–∂–¥—å,1,9,–í–∏–∫—Ç–æ—Ä–∏—è –ê–ª–±–µ–≥–æ–≤–∞,"–û—Ç–∫—É–¥–∞ —Å—Ç–æ–ª—å–∫–æ —Ç—Ä–æ–ª–ª–µ–π –∏ –º–∏–∑–æ–≥–∏–Ω–æ–≤ –≤ –∫–æ–º–º–µ–Ω—Ç–∞—Ö??
–ñ–µ–Ω—â–∏–Ω—ã –Ω–µ–≤–µ—Ä–æ—è—Ç–Ω–æ –∏–Ω—Ç–µ—Ä–µ—Å–Ω—ã–µ –∏ –∫—Ä—É—Ç—ã–µ! –°–ø–∞—Å–∏–±–æ –∏–º –∏ –≤—Å–µ–º –≤–æ–ª–æ–Ω—Ç—ë—Ä–∞–º, –∫–æ—Ç–æ—Ä—ã–º –Ω–µ –≤—Å—ë —Ä–∞–≤–Ω–æ.",2020-06-02T08:42:47Z,0
17,Ugx20mVoJNbLYvxxPTJ4AaABAg.99OnQOakfBD99PzP3vk8fy,qUC46uz-cU8,–¢–µ–ª–µ–∫–∞–Ω–∞–ª –î–æ–∂–¥—å,0,2,–°–≤–µ—Ç–ª–∞–Ω–∞ –ü,"–í –æ—á–µ—Ä–µ–¥–Ω–æ–π —Ä–∞–∑ –ø–æ—á—É–≤—Å—Ç–≤–æ–≤–∞–ª–∏ —Å–≤–æ—é —É—â–µ—Ä–±–Ω–æ—Å—Ç—å, –≤–æ—Ç –∏ –ø–æ—à–ª–∏ –ø–æ–ª–∏–≤–∞—Ç—å –¥–µ–≤–æ—á–µ–∫ –≥—Ä—è–∑—å—é.",2020-06-02T19:46:42Z,1
18,UgwYNJw4Zfak5byAx_F4AaABAg,qUC46uz-cU8,–¢–µ–ª–µ–∫–∞–Ω–∞–ª –î–æ–∂–¥—å,3,0,–°–µ—Ä–≥–µ–π –ë–æ–Ω–¥–∞—Ä–µ–Ω–∫–æ,–ø—Ä–µ–¥—Å—Ç–∞–≤–ª—è—é —á—Ç–æ –≤—ã—Ä–∞—Å—Ç–µ—Ç –∏–∑ —ç—Ç–∏—Ö –±–µ–¥–Ω—ã—Ö –¥–µ—Ç–µ–π. –û—Å–æ–±–µ–Ω–Ω–æ –∏–∑ –ø–∞—Ü–∞–Ω–æ–≤.,2020-06-01T21:20:22Z,0
19,UgwYNJw4Zfak5byAx_F4AaABAg.99N_KFVC-4499R1dtjLDm5,qUC46uz-cU8,–¢–µ–ª–µ–∫–∞–Ω–∞–ª –î–æ–∂–¥—å,0,1,–°–≤–µ—Ç–ª–∞–Ω–∞ –ü,"@–°–µ—Ä–≥–µ–π –ë–æ–Ω–¥–∞—Ä–µ–Ω–∫–æ, —á–µ–≥–æ —è –Ω–µ –∑–Ω–∞—é? –ß—Ç–æ 90% –¥–µ—Ç–µ–π –∏–∑ –¥–µ—Ç–¥–æ–º–æ–≤ –ø—Ä–æ—Å—Ç–æ –≤—ã–ø–∞–¥–∞—é—Ç –∏–∑ –∂–∏–∑–Ω–∏? –°–ø–∏–≤–∞—é—Ç—Å—è, —Å—Ç–∞–Ω–æ–≤—è—Ç—Å—è –Ω–∞—Ä–∫–æ–º–∞–Ω–∞–º–∏, –∏–¥—É—Ç –ø–æ –∫—Ä–∏–º–∏–Ω–∞–ª—å–Ω–æ–π –¥–æ—Ä–æ–∂–∫–µ? 
–í—ã —Ö–æ—Ç–∏—Ç–µ —Å–∫–∞–∑–∞—Ç—å, —á—Ç–æ –¥–µ—Ç—è–º, –∫–æ—Ç–æ—Ä—ã—Ö –∑–∞–±—Ä–∞–ª–∏ –≤ —Å–µ–º—å—é –Ω–µ –ø–æ–≤–µ–∑–ª–æ, —á—Ç–æ –ª–∏??)",2020-06-03T05:34:18Z,1
20,UgwYNJw4Zfak5byAx_F4AaABAg.99N_KFVC-4499Q6D47hR5i,qUC46uz-cU8,–¢–µ–ª–µ–∫–∞–Ω–∞–ª –î–æ–∂–¥—å,0,0,–°–µ—Ä–≥–µ–π –ë–æ–Ω–¥–∞—Ä–µ–Ω–∫–æ,"@–°–≤–µ—Ç–ª–∞–Ω–∞ –ü —Ä–∞—Å—Å–∫–∞–∂–∏—Ç–µ —ç—Ç–æ –ú—ç—Ä–∏–ª–∏–Ω –ú–æ–Ω—Ä–æ, –Æ—Ä–∏—é –®–∞—Ç—É–Ω–æ–≤—É, –ù–∏–Ω–µ –†—É—Å–ª–∞–Ω–æ–≤–æ–π, –°—Ç–∞–Ω–∏—Å–ª–∞–≤—É –°–∞–¥–∞–ª—å—Å–∫–æ–º—É... –ù–∏–∫–æ–≥–¥–∞ –Ω–µ —Å—É–¥–∏—Ç–µ –æ —Ç–æ–º, —á–µ–≥–æ –Ω–µ –∑–Ω–∞–µ—Ç–µ. –£—Å–ø–µ—Ö–æ–≤.",2020-06-02T20:54:58Z,1
21,UgwYNJw4Zfak5byAx_F4AaABAg.99N_KFVC-4499PzXw95Zar,qUC46uz-cU8,–¢–µ–ª–µ–∫–∞–Ω–∞–ª –î–æ–∂–¥—å,0,2,–°–≤–µ—Ç–ª–∞–Ω–∞ –ü,"–ü–æ—á–µ–º—É ""–±–µ–¥–Ω—ã—Ö""? –≠—Ç–æ –≤ –¥–µ—Ç–¥–æ–º–µ —É –Ω–∏—Ö –Ω–µ –±—ã–ª–æ –ø–µ—Ä—Å–ø–µ–∫—Ç–∏–≤...",2020-06-02T19:47:54Z,1
22,Ugz-Arc4xzd9K2FiBCV4AaABAg,qUC46uz-cU8,–¢–µ–ª–µ–∫–∞–Ω–∞–ª –î–æ–∂–¥—å,0,13,–ú–∞—Ä–∏,"–ñ–∞–ª—å, —á—Ç–æ —Ç–∞–∫ –º–∞–ª–æ –≤—Ä–µ–º–µ–Ω–∏ –≥–æ–≤–æ—Ä–∏–ª–∏. –û—á–µ–Ω—å –∏–Ω—Ç–µ—Ä–µ—Å–Ω—ã–µ –∂–µ–Ω—â–∏–Ω—ã, —Å—Ç–æ–ª—å–∫–æ –≤–æ–ø—Ä–æ—Å–æ–≤, –≤ —Ç–µ–º—É –º–æ–∂–Ω–æ –ø–æ–≥—Ä—É–∂–∞—Ç—å—Å—è –±–µ—Å–∫–æ–Ω–µ—á–Ω–æ –≥–ª—É–±–æ–∫–æ. –°–ø–∞—Å–∏–±–æ –∑–∞ –≤–æ–ø—Ä–æ—Å –ø—Ä–æ —Ç–æ, —á–µ–º –ø–æ–º–æ—á—å. –≠—Ç–æ –æ—á–µ–Ω—å –≤–∞–∂–Ω–æ",2020-06-01T20:13:25Z,0
23,Ugz5gNSgrziRRYmu7NF4AaABAg,qUC46uz-cU8,–¢–µ–ª–µ–∫–∞–Ω–∞–ª –î–æ–∂–¥—å,3,0,–ú–∏—Ö–∞–∏–ª Z,"–ú–µ–¥–∏—Ü–∏–Ω–∞ —É –Ω–∞—Å –±–µ—Å–ø–ª–∞—Ç–Ω–∞, –∑–∞—á–µ–º –§–∞—Ç–∏–º–∞ –ø—Ä–∏–¥—É–º—ã–≤–∞–µ—Ç.",2020-06-01T19:39:36Z,0
24,Ugz5gNSgrziRRYmu7NF4AaABAg.99NOnFJFtjR99QCsB-SBO9,qUC46uz-cU8,–¢–µ–ª–µ–∫–∞–Ω–∞–ª –î–æ–∂–¥—å,0,1,–ò—Ä–∏–Ω–∞ –ü,–°–º–µ—à–Ω–æ –∏ –≥—Ä—É—Å—Ç–Ω–æ,2020-06-02T21:53:08Z,1
25,Ugz5gNSgrziRRYmu7NF4AaABAg.99NOnFJFtjR99Oc9MmBBdL,qUC46uz-cU8,–¢–µ–ª–µ–∫–∞–Ω–∞–ª –î–æ–∂–¥—å,0,4,Lidiya Zinina,–°–º–µ—à–Ω–æ,2020-06-02T07:04:20Z,1
26,Ugz5gNSgrziRRYmu7NF4AaABAg.99NOnFJFtjR99NVnhFvHFr,qUC46uz-cU8,–¢–µ–ª–µ–∫–∞–Ω–∞–ª –î–æ–∂–¥—å,0,0,–ù–∞—Ç–∞–ª—å—è –°–∏–¥–æ—Ä–æ–≤–∞,üòÜ,2020-06-01T20:40:50Z,1
27,UgzYrNC5C3qWJq0nIoJ4AaABAg,qUC46uz-cU8,–¢–µ–ª–µ–∫–∞–Ω–∞–ª –î–æ–∂–¥—å,0,3,tatyankaCh,"–¢–æ —á—É–≤—Å—Ç–≤–æ, –∫–æ–≥–¥–∞ –≤–∏–¥–µ–ª–∞ –ì–æ—Ä–∞ –≤ –¶–õ–ü....—Ä–∞–¥–∞, —á—Ç–æ –æ–Ω –æ–±—Ä—ë–ª —Å–µ–º—å—é!",2020-06-01T17:53:08Z,0
28,UgxYqPo3zTYPwOHRqtZ4AaABAg,qUC46uz-cU8,–¢–µ–ª–µ–∫–∞–Ω–∞–ª –î–æ–∂–¥—å,0,0,valuma,"–ü—É—Ç–∏–Ω –æ–±—ä—è–≤–∏–ª, —á—Ç–æ –æ–±—â–µ—Ä–æ—Å—Å–∏–π—Å–∫–æ–µ –≥–æ–ª–æ—Å–æ–≤–∞–Ω–∏–µ –ø–æ –ø–æ–ø—Ä–∞–≤–∫–∞–º –≤ –ö–æ–Ω—Å—Ç–∏—Ç—É—Ü–∏—é –Ω–∞–∑–Ω–∞—á–µ–Ω–æ –Ω–∞ 1 –∏—é–ª—è.",2020-06-01T17:52:24Z,0
29,UgzpvEjcACgh3kVzXSV4AaABAg,qUC46uz-cU8,–¢–µ–ª–µ–∫–∞–Ω–∞–ª –î–æ–∂–¥—å,0,14,–°–≤–µ—Ç–ª–∞–Ω–∞ –î–æ—Ä–∂–∏–µ–≤–∞,"–ù–∏–∑–∫–∏–π –ø–æ–∫–ª–æ–Ω –≤–∞–º –º–∏–ª—ã–µ –¥–µ–≤–æ—á–∫–∏!! –í—ã –Ω–∞—Å—Ç–æ—è—â–∏–µ –≥–µ—Ä–æ–∏ –Ω–∞—à–µ–≥–æ –≤—Ä–µ–º–µ–Ω–∏ üëçüëçüëç–ó–¥–æ—Ä–æ–≤—å—è –≤–∞–º –∏ –≤–∞—à–∏–º –¥–µ—Ç–∏—à–∫–∞–º!!! –ò–º –æ—á–µ–Ω—å –ø–æ–≤–µ–∑–ª–æ, —á—Ç–æ –≤—ã –ø–æ—è–≤–∏–ª–∏—Å—å –≤ –∏—Ö –∂–∏–∑–Ω–∏ üòçüòçüòçüíê‚ù§Ô∏è",2020-06-01T17:51:17Z,0
30,Ugx3xm9mIVaioeXUmtd4AaABAg,qUC46uz-cU8,–¢–µ–ª–µ–∫–∞–Ω–∞–ª –î–æ–∂–¥—å,0,0,–°–≤–µ—Ç–ª–∞–Ω–∞ –ü—Ä–µ–∫—Ä–∞—Å–Ω–∞—è,"–°—É—á—å—è —ç–ª–∏—Ç–∞ , –∫–æ—Ç–æ—Ä–∞—è —Ä–æ–∂–∞–µ—Ç –∑–∞ —Å—á—ë—Ç —Å—É—Ä–∞–≥–∞—Ç–∞ , –∞ –≤ —Å–ª—É—á–∞–µ –æ—Ç–∫–ª–æ–Ω–µ–Ω–∏–π –∑–ø—Å—Ç–∞–≤–ª—è–µ—Ç –¥–µ–ª–∞—Ç—å –∞–±–æ—Ä—Ç—ã.
–í–æ—Ç –æ—Ç–∫—É–¥–∞ —Å—Ç–æ–ª—å–∫–æ –¥–µ—Ç–µ–π —Å –¥–∏–∞–≥–Ω–æ–∑–∞–º–∏.",2020-06-01T17:41:26Z,0
31,UgzYgVFd8fqdNokOUO14AaABAg,qUC46uz-cU8,–¢–µ–ª–µ–∫–∞–Ω–∞–ª –î–æ–∂–¥—å,0,2,Den Den,"–ù—É –≤–æ–æ–±—â–µ, –≤—Ä–æ–¥–µ –≤—Å–µ —Ö–æ—Ä–æ—à–æ!, –ù–æ –∫–∞–∫ –ø—Ä–æ —Ä–æ–±–æ—Ç–æ–≤ –≥–æ–≤–æ—Ä—è—Ç! , –ù—É –≤—Å–µ —Ä–æ–≤–Ω–æ –ú–û–õ–û–î–¶–´.",2020-06-01T17:26:28Z,0
32,UgzCMJbk3PkmZLdR3Mp4AaABAg,qUC46uz-cU8,–¢–µ–ª–µ–∫–∞–Ω–∞–ª –î–æ–∂–¥—å,0,1,–ë–ª–µ–¥–Ω–∞—è –ú–æ–ª—å,"–ë–æ–º–∂–∏ –Ω–∞–µ–±–ª–∏ —ç—Ç–∏—Ö –≤—ã—Ä–æ–¥–∫–æ–≤, –∞ —ç—Ç–∏ –¥—É—Ä—ã –±—É–¥—É—Ç –∏—Ö —Ä–∞—Å—Ç–∏—Ç—å!)))",2020-06-01T17:21:01Z,0
33,Ugy_kwZDltI_luHTR_Z4AaABAg,qUC46uz-cU8,–¢–µ–ª–µ–∫–∞–Ω–∞–ª –î–æ–∂–¥—å,0,6,Missis Miss,"–î–µ–≤–æ—á–∫–∏! 
–í–∞–º –æ—Ç–¥–µ–ª—å–Ω–æ–µ —É–≤–∞–∂–µ–Ω–∏–µ!",2020-06-01T17:03:15Z,0
34,UgyPud27G3bXHGwF8EB4AaABAg,qUC46uz-cU8,–¢–µ–ª–µ–∫–∞–Ω–∞–ª –î–æ–∂–¥—å,0,3,Sveta Sologuba,–ü–æ–º–æ–≥–∞–π –≤–∞–º –∏ —Ö—Ä–∞–Ω–∏ –≤–∞—Å –ì–æ—Å–ø–æ–¥–∏,2020-06-01T17:02:50Z,0
35,Ugwe2jkxozoV0_ik_UZ4AaABAg,qUC46uz-cU8,–¢–µ–ª–µ–∫–∞–Ω–∞–ª –î–æ–∂–¥—å,2,2,–†–æ–º–∞–Ω,"""–ê —Å–µ—Ä–µ–¥–∏–Ω–∞-—Ç–æ –æ–Ω–∞ –≥–¥–µ-—Ç–æ –ø–æ—Å–µ—Ä–µ–¥–∏–Ω–µ"" ...  –≤–µ–¥—É—â–∞—è - —Ç–æ–ø—á–∏–∫!",2020-06-01T16:59:34Z,0
36,Ugwe2jkxozoV0_ik_UZ4AaABAg.99N6U6rd7s799OmIPp7ION,qUC46uz-cU8,–¢–µ–ª–µ–∫–∞–Ω–∞–ª –î–æ–∂–¥—å,0,0,Inna Andreeva,–ù—É –∏ ¬´—Ä–µ–∂–∏—Å–µ—Ä–∫–∞¬ª :) - —Ç–æ–ø–æ–≤–∞—è –ø–µ—Ä–µ–¥–∞—á–∞!,2020-06-02T08:32:57Z,1
37,Ugwe2jkxozoV0_ik_UZ4AaABAg.99N6U6rd7s799Om-G_oqAU,qUC46uz-cU8,–¢–µ–ª–µ–∫–∞–Ω–∞–ª –î–æ–∂–¥—å,0,0,Inna Andreeva,¬´–Ø —Ö–æ—á—É —á—Ç–æ–±—ã –≤—Å–µ –ª—é–¥–∏ —á–µ–ª–æ–≤–µ—á–Ω–æ—Å—Ç—å –≤–∞—à—É —É–≤–∏–¥–µ–ª–∏¬ª,2020-06-02T08:30:20Z,1
38,UgzHpup9SbXCQBmaeMx4AaABAg,qUC46uz-cU8,–¢–µ–ª–µ–∫–∞–Ω–∞–ª –î–æ–∂–¥—å,2,2,–°–≤–µ—Ç–ª–∞–Ω–∞ –ó–∞–ª–µ—Å–Ω–∞—è,"–†–µ–±—ë–Ω–æ–∫ –ø–æ–¥ –æ–ø–µ–∫–æ–π, –ø–æ–ª—É—á–∞–µ–º 9114 –≤ –º–µ—Å—è—Ü –∏ –≤—Å–µ.",2020-06-01T16:58:16Z,0
39,UgzHpup9SbXCQBmaeMx4AaABAg.99N6KWYxqyw99OvO0BOwK4,qUC46uz-cU8,–¢–µ–ª–µ–∫–∞–Ω–∞–ª –î–æ–∂–¥—å,0,2,–°–≤–µ—Ç–ª–∞–Ω–∞ –ó–∞–ª–µ—Å–Ω–∞—è,@Lidiya Zinina –ë–µ–ª–≥–æ—Ä–æ–¥—Å–∫–∞—è –æ–±–ª–∞—Å—Ç—å.,2020-06-02T09:52:21Z,1
40,UgzHpup9SbXCQBmaeMx4AaABAg.99N6KWYxqyw99OcS3XiHJV,qUC46uz-cU8,–¢–µ–ª–µ–∫–∞–Ω–∞–ª –î–æ–∂–¥—å,0,2,Lidiya Zinina,–≠—Ç–æ –≤ –∫–∞–∫–æ–º —Ä–µ–≥–∏–æ–Ω–µ?,2020-06-02T07:06:53Z,1
41,UgyGIiuOko7_JwXaptJ4AaABAg,qUC46uz-cU8,–¢–µ–ª–µ–∫–∞–Ω–∞–ª –î–æ–∂–¥—å,4,6,–†–æ–º–∞–Ω,"""–†–µ–∂–∏—Å—Å—ë—Ä–∫–∞"" ??? –Å... —Å—Ç—ã–¥ ...",2020-06-01T16:41:44Z,0
42,UgyGIiuOko7_JwXaptJ4AaABAg.99N4RQ8NCCT99RanFDOb2x,qUC46uz-cU8,–¢–µ–ª–µ–∫–∞–Ω–∞–ª –î–æ–∂–¥—å,0,1,ASMR Ficus,"Dailekon –µ—Å—Ç—å —Ç–∞–∫–æ–µ —Å–ª–æ–≤–æ, –∫–∞–∫ –∏ –∞–∫—Ç–µ—Ä–∫–∞, –∫–∞–∫ –∏ —Ñ–æ—Ç–æ–≥—Ä–∞—Ñ–∫–∞, –∫–∞–∫ –∏ –ø—Å–∏—Ö–æ—Ç–µ—Ä–∞–ø–µ–≤—Ç–∫–∞.",2020-06-03T10:50:10Z,1
43,UgyGIiuOko7_JwXaptJ4AaABAg.99N4RQ8NCCT99RYpT09d4h,qUC46uz-cU8,–¢–µ–ª–µ–∫–∞–Ω–∞–ª –î–æ–∂–¥—å,0,0,Dailekon,–ù–µ—Ç —Ç–∞–∫–æ–≥–æ —Å–ª–æ–≤–∞ —Ä–µ–∂–∏—Å—Å—ë—Ä–∫–∞! –ê —á—Ç–æ –∂ –Ω–µ –∞–∫—Ç—ë—Ä–∫–∞? ))),2020-06-03T10:24:15Z,1
44,UgyGIiuOko7_JwXaptJ4AaABAg.99N4RQ8NCCT99Ni52HTDTx,qUC46uz-cU8,–¢–µ–ª–µ–∫–∞–Ω–∞–ª –î–æ–∂–¥—å,0,0,–õ –°,"–í—ã —á—Ç–æ? –ì–æ–¥ –Ω–∞–∑–∞–¥ –±–µ—Å–∫–æ–Ω–µ—á–Ω–æ –æ–±—Å—É–∂–¥–∞–ª–∏ —Ñ–µ–º–∏–Ω–∏—Ç–∏–≤—ã, –∫–æ–ø—å—è –ª–æ–º–∞–ª–∏",2020-06-01T22:36:56Z,1
45,UgyGIiuOko7_JwXaptJ4AaABAg.99N4RQ8NCCT99NagjtWFkz,qUC46uz-cU8,–¢–µ–ª–µ–∫–∞–Ω–∞–ª –î–æ–∂–¥—å,0,4,ASMR Ficus,–†–æ–º–∞–Ω —ç—Ç–æ –∞–±—Å–æ–ª—é—Ç–Ω–æ –Ω–æ—Ä–º–∞–ª—å–Ω–∞—è —Ñ–æ—Ä–º–∞ —Å —Ñ–µ–º–∏–Ω–∏—Ç–∏–≤–æ–º,2020-06-01T21:32:19Z,1
46,UgxeOf3jvsRXufHYgBd4AaABAg,qUC46uz-cU8,–¢–µ–ª–µ–∫–∞–Ω–∞–ª –î–æ–∂–¥—å,4,0,–¢–∞–∏—Å –ú–∞–∫—Å,"–ú–Ω–µ 70-—Ç –ª–µ—Ç –∏ —è –¥–∞–∂–µ –ø—Ä–µ–¥—Å—Ç–∞–≤–∏—Ç—å –Ω–µ –º–æ–≥—É  ,—á—Ç–æ —É –º–µ–Ω—è –ø—Ä–∏—ë–º–Ω—ã–π —Ä–µ–±—ë–Ω–æ–∫...–Ø –Ω–µ —Ö–∞–Ω–∂–∞ –∏ –µ–∂–µ–¥–Ω–µ–≤–Ω–æ –∫–æ—Ä–º–ª—é –±–µ–∑–¥–æ–º–Ω—ã—Ö –∫–æ—Ç–µ–µ–∫. –°—ã–Ω–∞ –≤–æ—Å–ø–∏—Ç–∞–ª–∞  –∏ –º—É–∂–∞ –ø–æ—Ö–æ—Ä–æ–Ω–∏–ª–∞,–≤ –¥–æ–º–µ —Ç—Ä–∏  –∫–æ—Ç–µ–π–∫–∏ ,—Å–ø–∞—Å—ë–Ω–Ω—ã–µ –æ—Ç —Å–º–µ—Ä—Ç–∏.–ê –≤–æ—Ç –≤–∑—è—Ç—å,–¥–∞–∂–µ –ø–æ–¥ –æ–ø–µ–∫—É —á—É–∂–æ–≥–æ —Ä–µ–±—ë–Ω–∫–∞-—ç—Ç–æ –Ω–µ –¥–ª—è –º–µ–Ω—è...",2020-06-01T16:28:44Z,0
47,UgxeOf3jvsRXufHYgBd4AaABAg.99N2xD9RzTw99OcF_lJeME,qUC46uz-cU8,–¢–µ–ª–µ–∫–∞–Ω–∞–ª –î–æ–∂–¥—å,0,4,Lidiya Zinina,–ö–∞–∂–¥–æ–º—É —Å–≤–æ–µ. –ü—Ä–æ–¥–æ–ª–∂–∞–π—Ç–µ —Å –∫–æ—Ç–∞–º–∏,2020-06-02T07:05:11Z,1
48,UgxeOf3jvsRXufHYgBd4AaABAg.99N2xD9RzTw99N9MHV_fyC,qUC46uz-cU8,–¢–µ–ª–µ–∫–∞–Ω–∞–ª –î–æ–∂–¥—å,0,1,–¢–∞–∏—Å –ú–∞–∫—Å,@Missis Miss –í–æ—Å–ø–∏—Ç–∞–Ω–∏–µ —Ä–µ–±—ë–Ω–∫–∞ - –û–ß–ï–ù–¨ –î–û–†–û–ì–û–ï –£–î–û–í–û–õ–¨–°–¢–í–ò–ï. –ó–ù–ê–Æ –û –ß–Å–ú –ì–û–í–û–†–Æ.–ù–ê –ù–´–ù–ï–®–ù–ï–ï –≥–æ—Å—É–¥–∞—Ä—Å—Ç–≤–æ –Ω–µ—Ç –Ω–∞–¥–µ–∂–¥—ã...,2020-06-01T17:24:43Z,1
49,UgxeOf3jvsRXufHYgBd4AaABAg.99N2xD9RzTw99N7841dcxE,qUC46uz-cU8,–¢–µ–ª–µ–∫–∞–Ω–∞–ª –î–æ–∂–¥—å,0,4,Missis Miss,"–ù—É –¥–∞!
–°–æ–≤–µ—Ç—Å–∫–æ–º—É —á–µ–ª–æ–≤–µ–∫—É –¥–æ–ª–≥–æ –º–æ–∑–≥ –ø—Ä–æ–º—ã–≤–∞–ª–∏, —á—Ç–æ –ß–µ–ª–æ–≤–µ–∫ —ç—Ç–æ –Ω–∏–∫—Ç–æ.  –ü—Ä–æ—â–µ –∫–æ—à–∫—É –ø–æ–∫–æ—Ä–º–∏—Ç—å",2020-06-01T17:05:18Z,1
50,UgxeOf3jvsRXufHYgBd4AaABAg.99N2xD9RzTw99N3Mi8UJ0g,qUC46uz-cU8,–¢–µ–ª–µ–∫–∞–Ω–∞–ª –î–æ–∂–¥—å,0,4,–ê–ª–µ–∫—Å–∞–Ω–¥—Ä–∞ –î–µ–º–∏–¥,"–î–∞, —ç—Ç–æ –ø–æ–¥ —Å–∏–ª—É –Ω–µ –∫–∞–∂–¥–æ–º—É.",2020-06-01T16:32:21Z,1
51,Ugw8yZVRxZHM8SFV7KF4AaABAg,qUC46uz-cU8,–¢–µ–ª–µ–∫–∞–Ω–∞–ª –î–æ–∂–¥—å,0,2,–î–∂–∞–º—à—É—Ç –®–∞–º—à–æ—Ç,–•–æ—Ç–∏—Ç–µ –∫–∞–∫ –≤ –ê–º–µ—Ä–∏–∫–µ???,2020-06-01T16:26:57Z,0
52,UgzpC_TZ-ErQTsOYtLB4AaABAg,qUC46uz-cU8,–¢–µ–ª–µ–∫–∞–Ω–∞–ª –î–æ–∂–¥—å,0,13,–ê–ª–µ–∫—Å–∞–Ω–¥—Ä–∞ –î–µ–º–∏–¥,"–°–ø–∞—Å–∏–±–æ –í–∞–º –∑–∞ —Ç–æ, —á—Ç–æ –æ—Å–æ–∑–Ω–∞–Ω–Ω–æ —Å–ø–∞—Å–∞–µ—Ç–µ –¥–µ—Ç–µ–π!!! –û–Ω–∏ –Ω—É–∂–¥–∞—é—Ç—Å—è –≤ –≤–∞—à–µ–π –∑–∞–±–æ—Ç–µ –∏ –ª—é–±–≤–∏.",2020-06-01T16:26:22Z,0
53,UgzWer0EXp43CSyUd6l4AaABAg,qUC46uz-cU8,–¢–µ–ª–µ–∫–∞–Ω–∞–ª –î–æ–∂–¥—å,8,1,–õ–µ–≤ –ñ–∏–≥–ª–æ–≤,–í —ç—Ç–∏—Ö —á–µ—Ç—ã—Ä–µ—Ö –±–∞–±–µ–Ω–∫–∞—Ö —è –Ω–µ —É–≤–∏–¥–µ–ª –Ω–∏—á–µ–≥–æ –∂–µ–Ω—Å—Ç–≤–µ–Ω–Ω–æ–≥–æ. –ö–∞–∫–∏–µ —ç—Ç–æ —Å–∞–º–∫–∏. –ó–∞—á–µ–º –∏–º –∏–Ω—Ç–µ—Ä–µ—Å–Ω–æ –∑–Ω–∞—Ç—å –ø—Ä–∏–µ–º–Ω—ã–µ –¥–µ—Ç–∏ –ø–æ–Ω–∞–¥–æ–±–∏–ª–∏—Å—å?!?!?,2020-06-01T16:20:02Z,0
54,Ugyu9-VFX-UNmd98OsJ4AaABAg,qUC46uz-cU8,–¢–µ–ª–µ–∫–∞–Ω–∞–ª –î–æ–∂–¥—å,1,4,–ê–Ω–¥—Ä–µ–π –°–æ–∫–æ–ª–æ–≤—Å–∫–∏–π,–ß–µ –∑–∞ –ª–µ—Å–±–∏—è–Ω–∫–∏. –í—ã–≥–ª—è–¥—è—Ç –ø–ª–æ—Ö–æ –≤–æ—Ç –∏ —Ä–æ–∂–∞—Ç—å –Ω–µ –æ—Ç –∫–æ–≥–æ.,2020-06-01T16:18:10Z,0
55,Ugyu9-VFX-UNmd98OsJ4AaABAg.99N1jorKpTY99Q9wKfE7mZ,qUC46uz-cU8,–¢–µ–ª–µ–∫–∞–Ω–∞–ª –î–æ–∂–¥—å,0,5,Mira G,"–°–∫–æ—Ä–µ–µ,–ø—Ä–µ–¥–ø–æ—á—Ç—É—Ç –Ω–µ —Ä–æ–∂–∞—Ç—å –æ—Ç —Ç–µ–±–µ –ø–æ–¥–æ–±–Ω—ã—Ö,–∞ –≤–∑—è—Ç—å —Ä–µ–±–µ–Ω–∫–∞ –ø—Ä–∏–µ–º–Ω–æ–≥–æ!",2020-06-02T21:27:30Z,1
56,UgysvQJZKQVnVTYwJ2R4AaABAg,qUC46uz-cU8,–¢–µ–ª–µ–∫–∞–Ω–∞–ª –î–æ–∂–¥—å,0,7,–î–∏–∞—Ä–µ—è - TV,–Ø —É–∂–µ –ª–µ—á—É –Ω–∞ –õ—É–Ω—É —Å –±–∞–ª–∞–ª–∞–π–∫–æ–π –≤ –∑–∞–¥–Ω–µ–º –æ—Ç–≤–µ—Ä—Å—Ç–∏–∏. –ü–æ–∑–¥—Ä–∞–≤—å—Ç–µ –º–µ–Ω—è! üêΩ,2020-06-01T16:08:54Z,0
57,UgxAcMR8637g_FhAWgF4AaABAg,qUC46uz-cU8,–¢–µ–ª–µ–∫–∞–Ω–∞–ª –î–æ–∂–¥—å,0,14,–ï–ª–µ–Ω–∞ –†–æ–º–∞—à–∫–æ–≤–∞,"–°–ø–∞—Å–∏–±–æ! –ú–æ–ª–æ–¥—Ü—ã, —Ä–µ—Å–ø–µ–∫—Ç! üôèüëçüëèüåºüíå",2020-06-01T16:08:12Z,0
58,UgyJmNSXF5AXDzHUBSF4AaABAg,qUC46uz-cU8,–¢–µ–ª–µ–∫–∞–Ω–∞–ª –î–æ–∂–¥—å,1,10,Matie Filin,–î–µ–≤—á–æ–Ω–∫–∏ –≤—ã –º–æ–ª–æ–¥—Ü—ã. –ö–∞–∫ –º—É–∂–∏–∫–æ–≤ —É–≥–æ–≤–æ—Ä–∏–ª–∏? –ö–∞–∫ —Å –∂–∏–ª–ø–ª–æ—â–∞–¥—å—é —Ä–µ—à–∏–ª–∏—Å—å?,2020-06-01T16:05:33Z,0
59,UgyJmNSXF5AXDzHUBSF4AaABAg.99N0IQ65hv_99NNcZThHFu,qUC46uz-cU8,–¢–µ–ª–µ–∫–∞–Ω–∞–ª –î–æ–∂–¥—å,0,0,–ú–∏—Ö–∞–∏–ª Z,–ù–æ –≤–µ–¥—å –∏—Ö –º–æ–≥—É—Ç –º—É–∂—å—è –∏ –±—Ä–æ—Å–∏—Ç—å.,2020-06-01T19:29:24Z,1
60,UgyvtFh0swW_uGz20J14AaABAg,qUC46uz-cU8,–¢–µ–ª–µ–∫–∞–Ω–∞–ª –î–æ–∂–¥—å,1,4,–í–∏–Ω—Å–µ–Ω—Ç –ö–∏–ª–ª–∏–∞–Ω,–í—Ç–æ—Ä–æ–π,2020-06-01T16:03:08Z,0
61,UgyvtFh0swW_uGz20J14AaABAg.99N00nFSJms99N046zSgW0,qUC46uz-cU8,–¢–µ–ª–µ–∫–∞–Ω–∞–ª –î–æ–∂–¥—å,0,1,–í–∏–Ω—Å–µ–Ω—Ç –ö–∏–ª–ª–∏–∞–Ω,–ö–æ–º—É –Ω–µ —Å–ª–æ–∂–Ω–æ- –ø–æ–¥–µ–ª–∏—Ç–µ—Å—å –º–æ–∏–º–∏ –≤–∏–¥–µ–æ. –ó–∞ —Ä–∞–Ω–µ–µ —Å–ø–∞—Å–∏–±–æ,2020-06-01T16:03:35Z,1
62,UgzWer0EXp43CSyUd6l4AaABAg.99N1xaJ-8MG99QFCOH-omT,qUC46uz-cU8,–¢–µ–ª–µ–∫–∞–Ω–∞–ª –î–æ–∂–¥—å,0,0,–õ–µ–≤ –ñ–∏–≥–ª–æ–≤,@–ò—Ä–∏–Ω–∞ –ü –¥–∞–≤–∞–π —Ç–≤–æ–∏ –ø—Ä–∏–º—É,2020-06-02T22:13:31Z,1
63,UgzWer0EXp43CSyUd6l4AaABAg.99N1xaJ-8MG99QClXra7Tm,qUC46uz-cU8,–¢–µ–ª–µ–∫–∞–Ω–∞–ª –î–æ–∂–¥—å,0,1,–ò—Ä–∏–Ω–∞ –ü,@–õ–µ–≤ –ñ–∏–≥–ª–æ–≤ –í—ã –∑–∞–±—ã–ª–∏ —Å–µ–≥–æ–¥–Ω—è –ø—Ä–∏–Ω—è—Ç—å —Å–≤–æ–∏ —Ç–∞–±–ª–µ—Ç–∫–∏,2020-06-02T21:52:14Z,1
64,UgzWer0EXp43CSyUd6l4AaABAg.99N1xaJ-8MG99Pe12a_LVh,qUC46uz-cU8,–¢–µ–ª–µ–∫–∞–Ω–∞–ª –î–æ–∂–¥—å,0,0,–õ–µ–≤ –ñ–∏–≥–ª–æ–≤,@Lidiya Zinina —Ç—ã –∞—Ä–±—É–∑–æ–≤–∞?,2020-06-02T16:39:55Z,1
65,UgzWer0EXp43CSyUd6l4AaABAg.99N1xaJ-8MG99Ozc6TyHyK,qUC46uz-cU8,–¢–µ–ª–µ–∫–∞–Ω–∞–ª –î–æ–∂–¥—å,0,0,Lidiya Zinina,"–ó–∞–±–ª—É–¥–∏–ª—Å—è, –º–∏–ª–æ–∫. –ö–∞–Ω–∞–ª –±—É–∑–æ–≤–æ–π –≤ –¥—Ä—É–≥–æ–π —Å—Ç–æ—Ä–æ–Ω–µ",2020-06-02T10:29:22Z,1
66,UgzWer0EXp43CSyUd6l4AaABAg.99N1xaJ-8MG99NiX0DILKo,qUC46uz-cU8,–¢–µ–ª–µ–∫–∞–Ω–∞–ª –î–æ–∂–¥—å,0,2,–õ –°,"–í—ã –∫–∞–∫ —Å—é–¥–∞ –∑–∞–±—Ä–µ–ª–∏, –º–∏–ª —á–µ–ª–æ–≤–µ–∫?",2020-06-01T22:40:45Z,1
67,UgzWer0EXp43CSyUd6l4AaABAg.99N1xaJ-8MG99N96S_LUTb,qUC46uz-cU8,–¢–µ–ª–µ–∫–∞–Ω–∞–ª –î–æ–∂–¥—å,0,1,–õ–µ–≤ –ñ–∏–≥–ª–æ–≤,@Missis Miss –∞ –≤ —Å–∞–º–∫–∞—Ö —á—Ç–æ??!  –º—É–∂–µ—Å—Ç–≤–µ–Ω–Ω–æ—Å—Ç—å?,2020-06-01T17:22:33Z,1
68,UgzWer0EXp43CSyUd6l4AaABAg.99N1xaJ-8MG99N8uOD_NdX,qUC46uz-cU8,–¢–µ–ª–µ–∫–∞–Ω–∞–ª –î–æ–∂–¥—å,0,1,Missis Miss,–ñ–µ–Ω—Å—Ç–≤–µ–Ω–Ω–æ–µ –≤ –ø—Ä–æ—Å—Ç–∏—Ç—É—Ç–∫–∞—Ö –º–æ–∂–Ω–æ –Ω–∞–π—Ç–∏,2020-06-01T17:20:46Z,1
69,UgzWer0EXp43CSyUd6l4AaABAg.99N1xaJ-8MG99N4Qw5UF5S,qUC46uz-cU8,–¢–µ–ª–µ–∫–∞–Ω–∞–ª –î–æ–∂–¥—å,0,8,Missis Miss,–ì—É–ª—è–π –æ—Ç —Å—é–¥–∞,2020-06-01T16:41:39Z,1
